Date,avg_rainfall
2016-01-01,0.0
2016-01-02,0.0
2016-01-03,0.0
2016-01-04,0.0
2016-01-05,0.0
2016-01-06,0.0
2016-01-07,0.0
2016-01-08,0.0
2016-01-09,0.0
2016-01-10,0.0
2016-01-11,0.0
2016-01-12,0.0
2016-01-13,0.0
2016-01-14,0.0
2016-01-15,0.0
2016-01-16,0.030000000000000002
2016-01-17,0.03333333333333333
2016-01-18,0.0
2016-01-19,0.0
2016-01-20,0.0
2016-01-21,0.0
2016-01-22,0.0
2016-01-23,0.0
2016-01-24,0.0
2016-01-25,0.0
2016-01-26,0.0
2016-01-27,0.0
2016-01-28,0.0
2016-01-29,0.0
2016-01-30,0.0
2016-01-31,0.0
2016-02-01,0.0
2016-02-02,0.0
2016-02-03,0.0
2016-02-04,0.0
2016-02-05,0.0
2016-02-06,0.0
2016-02-07,0.0
2016-02-08,0.0
2016-02-09,0.0
2016-02-10,0.0
2016-02-11,0.0
2016-02-12,0.0
2016-02-13,0.0
2016-02-14,0.0
2016-02-15,0.0
2016-02-16,0.0
2016-02-17,0.0
2016-02-18,0.0
2016-02-19,0.0
2016-02-20,0.0
2016-02-21,0.060000000000000005
2016-02-22,0.0
2016-02-23,0.0
2016-02-24,0.0
2016-02-25,0.0
2016-02-26,0.0
2016-02-27,0.15333333333333332
2016-02-28,1.6433333333333333
2016-02-29,2.3633333333333337
2016-03-01,1.6900000000000002
2016-03-02,2.316666666666667
2016-03-03,0.6066666666666667
2016-03-04,0.47333333333333333
2016-03-05,0.11
2016-03-06,0.13999999999999999
2016-03-07,0.006666666666666667
2016-03-08,0.0
2016-03-09,0.0
2016-03-10,0.0
2016-03-11,0.05333333333333334
2016-03-12,0.11
2016-03-13,0.010000000000000002
2016-03-14,0.0
2016-03-15,0.0
2016-03-16,0.0
2016-03-17,0.0
2016-03-18,0.0
2016-03-19,0.0
2016-03-20,0.0
2016-03-21,0.0
2016-03-22,0.0
2016-03-23,0.0
2016-03-24,0.0
2016-03-25,0.02666666666666667
2016-03-26,0.3433333333333334
2016-03-27,1.0833333333333333
2016-03-28,0.0
2016-03-29,0.0
2016-03-30,0.0
2016-03-31,0.0
2016-04-01,0.0
2016-04-02,0.0
2016-04-03,0.016666666666666666
2016-04-04,0.38666666666666666
2016-04-05,1.0666666666666667
2016-04-06,1.1099999999999999
2016-04-07,0.39333333333333337
2016-04-08,0.0
2016-04-09,0.02666666666666667
2016-04-10,0.0
2016-04-11,0.0
2016-04-12,0.0
2016-04-13,0.0
2016-04-14,0.0
2016-04-15,0.0
2016-04-16,0.006666666666666667
2016-04-17,0.0
2016-04-18,0.030000000000000002
2016-04-19,0.030000000000000002
2016-04-20,0.056666666666666664
2016-04-21,0.0
2016-04-22,0.0
2016-04-23,0.0
2016-04-24,0.0
2016-04-25,0.0
2016-04-26,0.0
2016-04-27,0.056666666666666664
2016-04-28,0.08666666666666667
2016-04-29,0.12666666666666665
2016-04-30,0.2833333333333333
2016-05-01,0.013333333333333334
2016-05-02,0.0
2016-05-03,0.15333333333333335
2016-05-04,0.20666666666666667
2016-05-05,0.49000000000000005
2016-05-06,0.2
2016-05-07,0.060000000000000005
2016-05-08,1.13
2016-05-09,1.5133333333333332
2016-05-10,1.5966666666666667
2016-05-11,1.1466666666666667
2016-05-12,0.19666666666666666
2016-05-13,0.13
2016-05-14,0.056666666666666664
2016-05-15,0.11
2016-05-16,0.0
2016-05-17,0.0
2016-05-18,0.10666666666666666
2016-05-19,0.06333333333333332
2016-05-20,0.14
2016-05-21,0.15666666666666668
2016-05-22,0.09333333333333332
2016-05-23,0.30666666666666664
2016-05-24,0.22
2016-05-25,0.5033333333333333
2016-05-26,0.4533333333333333
2016-05-27,0.16666666666666666
2016-05-28,0.24333333333333332
2016-05-29,0.4966666666666667
2016-05-30,0.22
2016-05-31,0.05333333333333334
2016-06-01,0.26
2016-06-02,0.24333333333333335
2016-06-03,1.0133333333333332
2016-06-04,2.086666666666667
2016-06-05,1.2433333333333332
2016-06-06,0.48000000000000004
2016-06-07,1.1900000000000002
2016-06-08,1.28
2016-06-09,0.61
2016-06-10,0.46
2016-06-11,1.7033333333333334
2016-06-12,1.8900000000000001
2016-06-13,0.8333333333333334
2016-06-14,1.16
2016-06-15,1.9266666666666665
2016-06-16,0.95
2016-06-17,0.94
2016-06-18,2.6300000000000003
2016-06-19,18.06
2016-06-20,14.063333333333333
2016-06-21,19.346666666666668
2016-06-22,5.953333333333333
2016-06-23,3.783333333333333
2016-06-24,6.913333333333333
2016-06-25,21.196666666666665
2016-06-26,5.04
2016-06-27,7.956666666666666
2016-06-28,9.51
2016-06-29,15.583333333333334
2016-06-30,9.993333333333334
2016-07-01,6.7
2016-07-02,10.636666666666667
2016-07-03,12.139999999999999
2016-07-04,13.846666666666666
2016-07-05,11.973333333333333
2016-07-06,2.82
2016-07-07,1.96
2016-07-08,6.833333333333333
2016-07-09,28.466666666666665
2016-07-10,32.15
2016-07-11,33.18666666666667
2016-07-12,15.110000000000001
2016-07-13,4.09
2016-07-14,2.12
2016-07-15,1.9433333333333331
2016-07-16,2.3233333333333333
2016-07-17,3.3633333333333337
2016-07-18,6.086666666666667
2016-07-19,9.376666666666667
2016-07-20,10.153333333333334
2016-07-21,6.266666666666667
2016-07-22,10.35
2016-07-23,6.656666666666666
2016-07-24,2.8
2016-07-25,7.096666666666667
2016-07-26,11.120000000000001
2016-07-27,8.266666666666667
2016-07-28,8.16
2016-07-29,8.916666666666666
2016-07-30,7.1
2016-07-31,18.916666666666668
2016-08-01,21.81
2016-08-02,85.85333333333332
2016-08-03,25.223333333333336
2016-08-04,8.4
2016-08-05,14.2
2016-08-06,10.06
2016-08-07,6.226666666666666
2016-08-08,5.98
2016-08-09,5.336666666666667
2016-08-10,5.3966666666666665
2016-08-11,3.466666666666667
2016-08-12,2.1933333333333334
2016-08-13,2.8766666666666665
2016-08-14,2.43
2016-08-15,2.6
2016-08-16,2.0633333333333335
2016-08-17,1.9933333333333332
2016-08-18,1.7633333333333332
2016-08-19,1.7433333333333332
2016-08-20,1.59
2016-08-21,3.1966666666666668
2016-08-22,2.04
2016-08-23,4.659999999999999
2016-08-24,2.9433333333333334
2016-08-25,0.6566666666666666
2016-08-26,2.56
2016-08-27,3.3833333333333333
2016-08-28,7.093333333333334
2016-08-29,4.78
2016-08-30,3.21
2016-08-31,5.03
2016-09-01,10.936666666666667
2016-09-02,2.216666666666667
2016-09-03,1.3033333333333335
2016-09-04,0.15333333333333332
2016-09-05,0.45
2016-09-06,0.8566666666666668
2016-09-07,1.3133333333333332
2016-09-08,0.7733333333333333
2016-09-09,0.61
2016-09-10,0.5366666666666667
2016-09-11,0.5633333333333332
2016-09-12,0.3333333333333333
2016-09-13,2.0633333333333335
2016-09-14,6.493333333333334
2016-09-15,24.339999999999996
2016-09-16,40.9
2016-09-17,38.68
2016-09-18,16.080000000000002
2016-09-19,8.786666666666667
2016-09-20,13.816666666666666
2016-09-21,16.156666666666666
2016-09-22,15.106666666666666
2016-09-23,15.523333333333333
2016-09-24,20.073333333333334
2016-09-25,7.046666666666667
2016-09-26,3.89
2016-09-27,1.6266666666666665
2016-09-28,0.86
2016-09-29,0.93
2016-09-30,2.5833333333333335
2016-10-01,50.70666666666667
2016-10-02,14.42
2016-10-03,8.743333333333334
2016-10-04,5.173333333333334
2016-10-05,2.0766666666666667
2016-10-06,0.58
2016-10-07,0.7366666666666667
2016-10-08,1.88
2016-10-09,0.7033333333333333
2016-10-10,0.5866666666666667
2016-10-11,0.15666666666666668
2016-10-12,0.05
2016-10-13,0.14
2016-10-14,0.20666666666666667
2016-10-15,0.07
2016-10-16,0.0033333333333333335
2016-10-17,0.0
2016-10-18,0.0
2016-10-19,0.0
2016-10-20,0.0
2016-10-21,0.0
2016-10-22,0.0
2016-10-23,0.0
2016-10-24,0.0
2016-10-25,0.0
2016-10-26,0.0
2016-10-27,0.0
2016-10-28,0.0
2016-10-29,0.0
2016-10-30,0.0033333333333333335
2016-10-31,0.0
2016-11-01,0.0
2016-11-02,0.0
2016-11-03,0.0
2016-11-04,0.0
2016-11-05,0.0
2016-11-06,0.0
2016-11-07,0.0
2016-11-08,0.0
2016-11-09,0.0
2016-11-10,0.0
2016-11-11,0.0
2016-11-12,0.0
2016-11-13,0.0
2016-11-14,0.0
2016-11-15,0.03333333333333333
2016-11-16,0.0
2016-11-17,0.0
2016-11-18,0.0
2016-11-19,0.0
2016-11-20,0.0
2016-11-21,0.0
2016-11-22,0.0
2016-11-23,0.0
2016-11-24,0.0
2016-11-25,0.0
2016-11-26,0.0
2016-11-27,0.0
2016-11-28,0.0
2016-11-29,0.0
2016-11-30,0.0
2016-12-01,0.0
2016-12-02,0.0
2016-12-03,0.0
2016-12-04,0.0
2016-12-05,0.0
2016-12-06,0.0
2016-12-07,0.0
2016-12-08,0.0
2016-12-09,0.0
2016-12-10,0.0
2016-12-11,0.0
2016-12-12,0.0
2016-12-13,0.0
2016-12-14,0.15
2016-12-15,0.0
2016-12-16,0.0
2016-12-17,0.0
2016-12-18,0.0
2016-12-19,0.0
2016-12-20,0.0
2016-12-21,0.0
2016-12-22,0.0
2016-12-23,0.0
2016-12-24,0.0
2016-12-25,0.0
2016-12-26,0.0
2016-12-27,0.0
2016-12-28,0.0
2016-12-29,0.0
2016-12-30,0.0
2016-12-31,0.0
2017-01-01,0.0
2017-01-02,0.0
2017-01-03,0.0
2017-01-04,0.0
2017-01-05,0.0
2017-01-06,0.0
2017-01-07,0.0
2017-01-08,0.0
2017-01-09,0.0
2017-01-10,0.0
2017-01-11,0.0
2017-01-12,0.0
2017-01-13,0.0
2017-01-14,0.05
2017-01-15,0.0
2017-01-16,0.0
2017-01-17,0.0
2017-01-18,0.020000000000000004
2017-01-19,0.0
2017-01-20,0.0
2017-01-21,0.0
2017-01-22,0.0
2017-01-23,0.0
2017-01-24,0.0
2017-01-25,0.0
2017-01-26,0.10333333333333333
2017-01-27,0.006666666666666667
2017-01-28,0.0
2017-01-29,0.0
2017-01-30,0.0
2017-01-31,0.0
2017-02-01,0.0
2017-02-02,0.0
2017-02-03,0.0
2017-02-04,0.0
2017-02-05,0.0033333333333333335
2017-02-06,0.0
2017-02-07,0.0
2017-02-08,0.0
2017-02-09,0.0
2017-02-10,0.0033333333333333335
2017-02-11,0.03333333333333333
2017-02-12,0.0
2017-02-13,0.0
2017-02-14,0.0
2017-02-15,0.0
2017-02-16,0.0
2017-02-17,0.0
2017-02-18,0.0
2017-02-19,0.0
2017-02-20,0.0
2017-02-21,0.0
2017-02-22,0.0
2017-02-23,0.0
2017-02-24,0.0
2017-02-25,0.0
2017-02-26,0.0
2017-02-27,0.0
2017-02-28,0.0
2017-03-01,0.0
2017-03-02,0.0
2017-03-03,0.0
2017-03-04,0.0
2017-03-05,0.0
2017-03-06,0.0
2017-03-07,0.0
2017-03-08,0.0
2017-03-09,0.0
2017-03-10,0.07333333333333332
2017-03-11,0.18666666666666665
2017-03-12,0.0
2017-03-13,0.0
2017-03-14,0.0
2017-03-15,0.9199999999999999
2017-03-16,0.37333333333333335
2017-03-17,0.0033333333333333335
2017-03-18,0.0
2017-03-19,0.0
2017-03-20,0.0
2017-03-21,0.0
2017-03-22,0.0
2017-03-23,0.0
2017-03-24,0.0
2017-03-25,0.0
2017-03-26,0.0
2017-03-27,0.0
2017-03-28,0.0
2017-03-29,0.0
2017-03-30,0.05
2017-03-31,0.0
2017-04-01,0.04
2017-04-02,0.010000000000000002
2017-04-03,0.006666666666666667
2017-04-04,0.0
2017-04-05,0.0
2017-04-06,0.0
2017-04-07,0.010000000000000002
2017-04-08,0.0
2017-04-09,0.0
2017-04-10,0.0
2017-04-11,0.0
2017-04-12,0.0
2017-04-13,0.0
2017-04-14,0.0
2017-04-15,0.0
2017-04-16,0.04
2017-04-17,0.0
2017-04-18,0.0
2017-04-19,0.0
2017-04-20,0.0
2017-04-21,0.006666666666666667
2017-04-22,0.0
2017-04-23,0.0
2017-04-24,0.010000000000000002
2017-04-25,0.0033333333333333335
2017-04-26,0.020000000000000004
2017-04-27,0.04666666666666667
2017-04-28,0.043333333333333335
2017-04-29,0.18333333333333332
2017-04-30,0.023333333333333334
2017-05-01,0.04000000000000001
2017-05-02,0.043333333333333335
2017-05-03,0.056666666666666664
2017-05-04,0.08666666666666667
2017-05-05,0.13
2017-05-06,0.38666666666666666
2017-05-07,0.5933333333333334
2017-05-08,0.22333333333333333
2017-05-09,0.11333333333333334
2017-05-10,0.02666666666666667
2017-05-11,0.08
2017-05-12,0.5666666666666667
2017-05-13,1.0933333333333333
2017-05-14,0.86
2017-05-15,0.23333333333333334
2017-05-16,0.09
2017-05-17,0.12000000000000001
2017-05-18,0.020000000000000004
2017-05-19,0.16333333333333336
2017-05-20,0.03666666666666667
2017-05-21,0.056666666666666664
2017-05-22,0.09333333333333334
2017-05-23,0.18000000000000002
2017-05-24,0.043333333333333335
2017-05-25,0.10666666666666667
2017-05-26,0.16
2017-05-27,0.5333333333333333
2017-05-28,0.5833333333333334
2017-05-29,0.8566666666666667
2017-05-30,2.9699999999999998
2017-05-31,1.29
2017-06-01,10.506666666666666
2017-06-02,9.8
2017-06-03,11.363333333333335
2017-06-04,4.346666666666667
2017-06-05,2.18
2017-06-06,2.12
2017-06-07,6.180000000000001
2017-06-08,3.81
2017-06-09,8.606666666666666
2017-06-10,12.986666666666668
2017-06-11,21.64
2017-06-12,29.953333333333333
2017-06-13,9.703333333333335
2017-06-14,8.866666666666667
2017-06-15,18.196666666666665
2017-06-16,2.9
2017-06-17,2.0933333333333333
2017-06-18,1.3299999999999998
2017-06-19,1.39
2017-06-20,2.336666666666667
2017-06-21,1.6866666666666668
2017-06-22,2.933333333333333
2017-06-23,3.746666666666667
2017-06-24,5.91
2017-06-25,13.166666666666666
2017-06-26,10.783333333333333
2017-06-27,10.319999999999999
2017-06-28,11.526666666666667
2017-06-29,9.103333333333333
2017-06-30,8.126666666666667
2017-07-01,15.110000000000001
2017-07-02,12.863333333333333
2017-07-03,5.876666666666666
2017-07-04,4.886666666666667
2017-07-05,4.153333333333333
2017-07-06,3.2066666666666666
2017-07-07,2.9166666666666665
2017-07-08,1.7033333333333334
2017-07-09,1.3566666666666667
2017-07-10,1.6366666666666667
2017-07-11,3.64
2017-07-12,4.83
2017-07-13,7.076666666666666
2017-07-14,13.576666666666666
2017-07-15,11.806666666666667
2017-07-16,14.49
2017-07-17,26.486666666666668
2017-07-18,30.15
2017-07-19,12.156666666666666
2017-07-20,25.433333333333334
2017-07-21,20.42
2017-07-22,18.790000000000003
2017-07-23,13.846666666666668
2017-07-24,7.346666666666667
2017-07-25,6.23
2017-07-26,4.873333333333333
2017-07-27,13.036666666666667
2017-07-28,9.34
2017-07-29,5.956666666666666
2017-07-30,3.8200000000000003
2017-07-31,3.1666666666666665
2017-08-01,3.9433333333333334
2017-08-02,3.203333333333333
2017-08-03,4.096666666666667
2017-08-04,3.5366666666666666
2017-08-05,2.01
2017-08-06,1.9233333333333333
2017-08-07,1.6866666666666668
2017-08-08,1.52
2017-08-09,2.6266666666666665
2017-08-10,3.0300000000000002
2017-08-11,2.613333333333333
2017-08-12,3.2766666666666664
2017-08-13,3.9033333333333333
2017-08-14,6.9
2017-08-15,3.0833333333333335
2017-08-16,2.04
2017-08-17,2.3133333333333335
2017-08-18,3.3633333333333337
2017-08-19,36.309999999999995
2017-08-20,86.61666666666666
2017-08-21,22.186666666666667
2017-08-22,2.9466666666666668
2017-08-23,2.1033333333333335
2017-08-24,3.3800000000000003
2017-08-25,15.35
2017-08-26,10.993333333333334
2017-08-27,28.046666666666667
2017-08-28,39.54333333333333
2017-08-29,20.583333333333332
2017-08-30,10.616666666666667
2017-08-31,2.26
2017-09-01,1.1833333333333333
2017-09-02,1.6
2017-09-03,3.636666666666667
2017-09-04,2.3666666666666667
2017-09-05,0.65
2017-09-06,0.7166666666666667
2017-09-07,3.45
2017-09-08,11.65
2017-09-09,7.05
2017-09-10,5.876666666666667
2017-09-11,3.95
2017-09-12,5.47
2017-09-13,5.79
2017-09-14,7.15
2017-09-15,10.093333333333334
2017-09-16,9.376666666666667
2017-09-17,10.22
2017-09-18,6.236666666666666
2017-09-19,22.58
2017-09-20,33.21666666666667
2017-09-21,20.223333333333336
2017-09-22,1.3900000000000001
2017-09-23,2.2766666666666664
2017-09-24,2.31
2017-09-25,0.7666666666666667
2017-09-26,0.43333333333333335
2017-09-27,2.646666666666667
2017-09-28,0.9600000000000001
2017-09-29,3.8200000000000003
2017-09-30,0.87
2017-10-01,0.49333333333333335
2017-10-02,1.5133333333333332
2017-10-03,0.10333333333333333
2017-10-04,0.0
2017-10-05,0.2733333333333333
2017-10-06,10.15
2017-10-07,6.783333333333333
2017-10-08,14.493333333333334
2017-10-09,14.156666666666666
2017-10-10,21.060000000000002
2017-10-11,13.276666666666667
2017-10-12,6.069999999999999
2017-10-13,9.413333333333332
2017-10-14,10.373333333333333
2017-10-15,8.52
2017-10-16,0.91
2017-10-17,0.21
2017-10-18,0.01
2017-10-19,0.0
2017-10-20,0.029999999999999995
2017-10-21,1.0366666666666666
2017-10-22,0.5333333333333333
2017-10-23,0.07666666666666666
2017-10-24,0.0
2017-10-25,0.0
2017-10-26,0.02
2017-10-27,0.17333333333333334
2017-10-28,0.03666666666666667
2017-10-29,0.0033333333333333335
2017-10-30,0.0
2017-10-31,0.0
2017-11-01,0.0
2017-11-02,0.0
2017-11-03,0.0
2017-11-04,0.0
2017-11-05,0.0
2017-11-06,0.0
2017-11-07,0.0
2017-11-08,0.0
2017-11-09,0.0
2017-11-10,0.0
2017-11-11,0.0
2017-11-12,0.0
2017-11-13,0.0
2017-11-14,0.0
2017-11-15,0.0
2017-11-16,0.006666666666666667
2017-11-17,0.0
2017-11-18,0.010000000000000002
2017-11-19,0.02333333333333333
2017-11-20,1.4766666666666666
2017-11-21,1.45
2017-11-22,1.4933333333333332
2017-11-23,0.08666666666666667
2017-11-24,0.0
2017-11-25,0.0
2017-11-26,0.0
2017-11-27,0.0
2017-11-28,0.0
2017-11-29,0.0
2017-11-30,0.0
2017-12-01,0.0
2017-12-02,0.0
2017-12-03,0.0
2017-12-04,0.3233333333333333
2017-12-05,2.026666666666667
2017-12-06,1.0
2017-12-07,0.63
2017-12-08,0.23
2017-12-09,0.03666666666666667
2017-12-10,0.02
2017-12-11,0.05999999999999999
2017-12-12,0.0
2017-12-13,0.020000000000000004
2017-12-14,0.0
2017-12-15,0.0
2017-12-16,0.0
2017-12-17,0.0
2017-12-18,0.0
2017-12-19,0.0
2017-12-20,0.0
2017-12-21,0.0
2017-12-22,0.0
2017-12-23,0.0
2017-12-24,0.0
2017-12-25,0.0
2017-12-26,0.0
2017-12-27,0.0
2017-12-28,0.0
2017-12-29,0.0
2017-12-30,0.0
2017-12-31,0.0
2018-01-01,0.0
2018-01-02,0.0
2018-01-03,0.0
2018-01-04,0.0
2018-01-05,0.0
2018-01-06,0.0
2018-01-07,0.0
2018-01-08,0.0
2018-01-09,0.0
2018-01-10,0.0
2018-01-11,0.0
2018-01-12,0.013333333333333332
2018-01-13,0.020000000000000004
2018-01-14,0.0
2018-01-15,0.0033333333333333335
2018-01-16,0.0
2018-01-17,0.0
2018-01-18,0.0
2018-01-19,0.0
2018-01-20,0.0
2018-01-21,0.0
2018-01-22,0.0
2018-01-23,0.0
2018-01-24,0.0
2018-01-25,0.0
2018-01-26,0.0
2018-01-27,0.0
2018-01-28,0.0
2018-01-29,0.0
2018-01-30,0.0
2018-01-31,0.0
2018-02-01,0.0
2018-02-02,0.0
2018-02-03,0.0
2018-02-04,0.0
2018-02-05,0.0
2018-02-06,0.0033333333333333335
2018-02-07,0.16
2018-02-08,0.0
2018-02-09,0.0
2018-02-10,0.03333333333333333
2018-02-11,1.7300000000000002
2018-02-12,0.3966666666666666
2018-02-13,1.2133333333333334
2018-02-14,0.11666666666666667
2018-02-15,0.0033333333333333335
2018-02-16,0.0
2018-02-17,0.0
2018-02-18,0.0
2018-02-19,0.0
2018-02-20,0.016666666666666666
2018-02-21,0.0
2018-02-22,0.02
2018-02-23,0.0033333333333333335
2018-02-24,0.02
2018-02-25,0.0
2018-02-26,0.0
2018-02-27,0.006666666666666667
2018-02-28,0.023333333333333334
2018-03-01,0.0
2018-03-02,0.0
2018-03-03,0.0
2018-03-04,0.0
2018-03-05,0.0
2018-03-06,0.0
2018-03-07,0.0
2018-03-08,0.006666666666666667
2018-03-09,0.0033333333333333335
2018-03-10,0.043333333333333335
2018-03-11,0.043333333333333335
2018-03-12,0.060000000000000005
2018-03-13,0.0
2018-03-14,0.0
2018-03-15,0.2833333333333333
2018-03-16,1.5233333333333334
2018-03-17,0.0033333333333333335
2018-03-18,0.060000000000000005
2018-03-19,0.15
2018-03-20,0.02
2018-03-21,0.0
2018-03-22,0.0
2018-03-23,0.0
2018-03-24,0.0
2018-03-25,0.0
2018-03-26,0.0
2018-03-27,0.0
2018-03-28,0.0
2018-03-29,0.0
2018-03-30,0.0
2018-03-31,0.0
2018-04-01,0.0
2018-04-02,0.0
2018-04-03,0.0
2018-04-04,0.0
2018-04-05,0.0033333333333333335
2018-04-06,0.06333333333333332
2018-04-07,1.5799999999999998
2018-04-08,0.7233333333333333
2018-04-09,0.16
2018-04-10,0.29333333333333333
2018-04-11,0.5633333333333332
2018-04-12,0.0
2018-04-13,0.010000000000000002
2018-04-14,0.0033333333333333335
2018-04-15,0.13333333333333333
2018-04-16,0.04
2018-04-17,0.8633333333333334
2018-04-18,0.31333333333333335
2018-04-19,0.0
2018-04-20,0.0033333333333333335
2018-04-21,0.02
2018-04-22,0.0
2018-04-23,0.0
2018-04-24,0.0
2018-04-25,0.0
2018-04-26,0.0
2018-04-27,0.0
2018-04-28,0.02333333333333333
2018-04-29,0.07333333333333333
2018-04-30,0.0
2018-05-01,0.0033333333333333335
2018-05-02,0.0033333333333333335
2018-05-03,0.006666666666666667
2018-05-04,0.013333333333333332
2018-05-05,0.02
2018-05-06,0.02333333333333333
2018-05-07,0.0033333333333333335
2018-05-08,0.0
2018-05-09,0.0
2018-05-10,0.08333333333333333
2018-05-11,0.17333333333333334
2018-05-12,0.15333333333333335
2018-05-13,0.28
2018-05-14,0.13666666666666666
2018-05-15,0.12000000000000001
2018-05-16,0.22666666666666666
2018-05-17,0.3466666666666667
2018-05-18,0.4
2018-05-19,0.06666666666666667
2018-05-20,0.09666666666666668
2018-05-21,0.14
2018-05-22,0.0033333333333333335
2018-05-23,0.5266666666666667
2018-05-24,0.45
2018-05-25,0.03666666666666667
2018-05-26,0.29000000000000004
2018-05-27,0.67
2018-05-28,0.4033333333333333
2018-05-29,0.9866666666666667
2018-05-30,0.4233333333333334
2018-05-31,1.1766666666666665
2018-06-01,2.6266666666666665
2018-06-02,4.4366666666666665
2018-06-03,1.2433333333333332
2018-06-04,2.8800000000000003
2018-06-05,1.1533333333333333
2018-06-06,9.056666666666667
2018-06-07,5.933333333333334
2018-06-08,7.923333333333333
2018-06-09,5.886666666666667
2018-06-10,4.816666666666666
2018-06-11,4.543333333333333
2018-06-12,2.0633333333333335
2018-06-13,1.5533333333333335
2018-06-14,1.57
2018-06-15,1.63
2018-06-16,1.8033333333333335
2018-06-17,4.713333333333334
2018-06-18,13.816666666666665
2018-06-19,7.2733333333333325
2018-06-20,6.430000000000001
2018-06-21,17.59
2018-06-22,24.779999999999998
2018-06-23,22.736666666666668
2018-06-24,12.403333333333334
2018-06-25,25.246666666666666
2018-06-26,9.706666666666667
2018-06-27,4.2
2018-06-28,4.306666666666667
2018-06-29,4.85
2018-06-30,2.716666666666667
2018-07-01,2.0266666666666664
2018-07-02,6.58
2018-07-03,11.843333333333334
2018-07-04,13.29
2018-07-05,12.833333333333334
2018-07-06,6.0633333333333335
2018-07-07,38.376666666666665
2018-07-08,25.863333333333333
2018-07-09,17.12
2018-07-10,20.490000000000002
2018-07-11,11.28
2018-07-12,15.526666666666667
2018-07-13,12.229999999999999
2018-07-14,12.466666666666667
2018-07-15,22.14
2018-07-16,33.053333333333335
2018-07-17,18.956666666666667
2018-07-18,8.083333333333334
2018-07-19,7.8100000000000005
2018-07-20,11.513333333333332
2018-07-21,8.056666666666667
2018-07-22,11.286666666666667
2018-07-23,8.296666666666667
2018-07-24,5.6033333333333335
2018-07-25,4.483333333333333
2018-07-26,3.5766666666666667
2018-07-27,4.26
2018-07-28,2.56
2018-07-29,2.013333333333333
2018-07-30,2.7700000000000005
2018-07-31,3.42
2018-08-01,4.6466666666666665
2018-08-02,3.566666666666667
2018-08-03,4.08
2018-08-04,6.136666666666667
2018-08-05,4.133333333333334
2018-08-06,4.46
2018-08-07,2.813333333333333
2018-08-08,4.85
2018-08-09,5.22
2018-08-10,5.206666666666666
2018-08-11,8.076666666666666
2018-08-12,8.68
2018-08-13,8.266666666666667
2018-08-14,5.98
2018-08-15,7.716666666666667
2018-08-16,61.88
2018-08-17,63.626666666666665
2018-08-18,8.639999999999999
2018-08-19,7.563333333333333
2018-08-20,25.773333333333333
2018-08-21,25.013333333333332
2018-08-22,9.673333333333334
2018-08-23,5.956666666666666
2018-08-24,6.096666666666667
2018-08-25,8.266666666666667
2018-08-26,10.343333333333334
2018-08-27,7.5
2018-08-28,3.2533333333333334
2018-08-29,2.8
2018-08-30,3.243333333333333
2018-08-31,3.466666666666667
2018-09-01,4.286666666666666
2018-09-02,8.733333333333333
2018-09-03,4.576666666666667
2018-09-04,4.163333333333333
2018-09-05,2.3133333333333335
2018-09-06,1.7033333333333334
2018-09-07,1.4733333333333332
2018-09-08,1.37
2018-09-09,0.6133333333333334
2018-09-10,0.7899999999999999
2018-09-11,0.9366666666666668
2018-09-12,0.94
2018-09-13,0.66
2018-09-14,1.4166666666666667
2018-09-15,2.5433333333333334
2018-09-16,2.7733333333333334
2018-09-17,1.4566666666666668
2018-09-18,1.3599999999999999
2018-09-19,2.5833333333333335
2018-09-20,3.036666666666667
2018-09-21,1.6066666666666667
2018-09-22,5.593333333333334
2018-09-23,0.7733333333333333
2018-09-24,1.2766666666666666
2018-09-25,1.1566666666666667
2018-09-26,1.3866666666666667
2018-09-27,0.5166666666666667
2018-09-28,2.0166666666666666
2018-09-29,1.5566666666666669
2018-09-30,1.03
2018-10-01,1.2
2018-10-02,1.2333333333333334
2018-10-03,2.5166666666666666
2018-10-04,2.36
2018-10-05,1.0266666666666666
2018-10-06,0.0033333333333333335
2018-10-07,0.0033333333333333335
2018-10-08,0.02
2018-10-09,0.01
2018-10-10,0.07333333333333333
2018-10-11,0.02333333333333333
2018-10-12,0.05333333333333334
2018-10-13,0.0
2018-10-14,0.0
2018-10-15,0.0
2018-10-16,0.0
2018-10-17,1.0166666666666666
2018-10-18,0.47
2018-10-19,0.29
2018-10-20,0.016666666666666666
2018-10-21,0.0033333333333333335
2018-10-22,0.010000000000000002
2018-10-23,0.0
2018-10-24,0.02666666666666667
2018-10-25,0.05
2018-10-26,0.0
2018-10-27,0.0
2018-10-28,0.0
2018-10-29,0.0
2018-10-30,0.0
2018-10-31,0.0
2018-11-01,0.0033333333333333335
2018-11-02,0.0
2018-11-03,0.7799999999999999
2018-11-04,2.03
2018-11-05,3.9799999999999995
2018-11-06,0.44666666666666666
2018-11-07,0.02333333333333333
2018-11-08,0.0
2018-11-09,0.0
2018-11-10,0.0
2018-11-11,0.0
2018-11-12,0.0
2018-11-13,0.0
2018-11-14,0.0
2018-11-15,0.0
2018-11-16,0.0
2018-11-17,0.0
2018-11-18,0.04
2018-11-19,1.8333333333333333
2018-11-20,3.256666666666667
2018-11-21,0.9766666666666667
2018-11-22,0.0033333333333333335
2018-11-23,0.0
2018-11-24,0.0
2018-11-25,0.0
2018-11-26,0.0
2018-11-27,0.0
2018-11-28,0.0
2018-11-29,0.0
2018-11-30,0.0
2018-12-01,0.0
2018-12-02,0.0
2018-12-03,0.0
2018-12-04,0.0
2018-12-05,0.013333333333333334
2018-12-06,0.0033333333333333335
2018-12-07,0.07
2018-12-08,0.07666666666666666
2018-12-09,0.0033333333333333335
2018-12-10,0.0
2018-12-11,0.0
2018-12-12,0.0
2018-12-13,0.010000000000000002
2018-12-14,0.14666666666666667
2018-12-15,0.0
2018-12-16,0.0
2018-12-17,0.006666666666666667
2018-12-18,0.0
2018-12-19,0.0
2018-12-20,0.0
2018-12-21,0.0
2018-12-22,0.0
2018-12-23,0.0
2018-12-24,0.0
2018-12-25,0.0
2018-12-26,0.0
2018-12-27,0.0
2018-12-28,0.0
2018-12-29,0.0
2018-12-30,0.0
2018-12-31,0.0
2019-01-01,0.0
2019-01-02,0.0
2019-01-03,0.0
2019-01-04,0.0
2019-01-05,0.0
2019-01-06,0.0
2019-01-07,0.0
2019-01-08,0.0
2019-01-09,0.0
2019-01-10,0.0
2019-01-11,0.0
2019-01-12,0.0
2019-01-13,0.0
2019-01-14,0.0
2019-01-15,0.0
2019-01-16,0.0
2019-01-17,0.0
2019-01-18,0.0
2019-01-19,0.0
2019-01-20,0.0
2019-01-21,0.0
2019-01-22,0.0
2019-01-23,0.0033333333333333335
2019-01-24,0.0
2019-01-25,0.0033333333333333335
2019-01-26,0.2733333333333333
2019-01-27,0.023333333333333334
2019-01-28,0.0
2019-01-29,0.0
2019-01-30,0.0
2019-01-31,0.0
2019-02-01,0.0
2019-02-02,0.0
2019-02-03,0.0
2019-02-04,0.0
2019-02-05,0.0
2019-02-06,0.0
2019-02-07,0.0
2019-02-08,0.0
2019-02-09,0.0
2019-02-10,0.0
2019-02-11,0.0
2019-02-12,0.06333333333333334
2019-02-13,0.006666666666666667
2019-02-14,0.0
2019-02-15,0.0033333333333333335
2019-02-16,0.0
2019-02-17,0.0
2019-02-18,0.0
2019-02-19,0.0
2019-02-20,0.0
2019-02-21,0.04000000000000001
2019-02-22,0.0
2019-02-23,0.0033333333333333335
2019-02-24,0.0
2019-02-25,0.0
2019-02-26,0.0
2019-02-27,0.0
2019-02-28,0.0
2019-03-01,0.0
2019-03-02,0.0033333333333333335
2019-03-03,0.013333333333333334
2019-03-04,0.016666666666666666
2019-03-05,0.013333333333333334
2019-03-06,0.0
2019-03-07,0.0
2019-03-08,0.0
2019-03-09,0.0
2019-03-10,0.0
2019-03-11,0.0
2019-03-12,0.0
2019-03-13,0.0
2019-03-14,0.0
2019-03-15,0.0
2019-03-16,0.0
2019-03-17,0.0
2019-03-18,0.0
2019-03-19,0.0
2019-03-20,0.0
2019-03-21,0.0
2019-03-22,0.0
2019-03-23,0.0
2019-03-24,0.0
2019-03-25,0.016666666666666666
2019-03-26,0.0
2019-03-27,0.0
2019-03-28,0.0
2019-03-29,0.0
2019-03-30,0.0
2019-03-31,0.0
2019-04-01,0.0
2019-04-02,0.0
2019-04-03,0.0033333333333333335
2019-04-04,0.023333333333333334
2019-04-05,0.0
2019-04-06,0.0
2019-04-07,0.0
2019-04-08,0.0
2019-04-09,0.0
2019-04-10,0.0
2019-04-11,0.0
2019-04-12,0.0
2019-04-13,0.016666666666666666
2019-04-14,0.10333333333333333
2019-04-15,0.26333333333333336
2019-04-16,0.99
2019-04-17,0.03333333333333333
2019-04-18,0.0
2019-04-19,0.0
2019-04-20,0.0
2019-04-21,0.0
2019-04-22,0.0
2019-04-23,0.0
2019-04-24,0.0
2019-04-25,0.0
2019-04-26,0.0
2019-04-27,0.0
2019-04-28,0.0
2019-04-29,0.0
2019-04-30,0.0
2019-05-01,0.0
2019-05-02,0.0
2019-05-03,0.0
2019-05-04,0.05666666666666667
2019-05-05,0.043333333333333335
2019-05-06,0.0
2019-05-07,0.01
2019-05-08,0.03333333333333333
2019-05-09,0.03333333333333333
2019-05-10,0.006666666666666667
2019-05-11,0.0
2019-05-12,0.0
2019-05-13,0.0
2019-05-14,0.0
2019-05-15,0.0
2019-05-16,0.0
2019-05-17,0.0033333333333333335
2019-05-18,0.0
2019-05-19,0.0
2019-05-20,0.0
2019-05-21,0.0033333333333333335
2019-05-22,0.0
2019-05-23,0.0
2019-05-24,0.0
2019-05-25,0.0
2019-05-26,0.0
2019-05-27,0.02333333333333333
2019-05-28,0.0033333333333333335
2019-05-29,0.0
2019-05-30,0.02333333333333333
2019-05-31,0.0
2019-06-01,0.016666666666666666
2019-06-02,0.029999999999999995
2019-06-03,0.20666666666666667
2019-06-04,0.11333333333333333
2019-06-05,0.08666666666666667
2019-06-06,0.6066666666666667
2019-06-07,0.4233333333333333
2019-06-08,0.45666666666666667
2019-06-09,4.706666666666666
2019-06-10,1.7066666666666668
2019-06-11,2.0266666666666664
2019-06-12,1.6700000000000002
2019-06-13,2.013333333333333
2019-06-14,1.2600000000000002
2019-06-15,1.6533333333333333
2019-06-16,1.8233333333333335
2019-06-17,1.3633333333333333
2019-06-18,2.45
2019-06-19,3.5233333333333334
2019-06-20,0.9066666666666666
2019-06-21,1.2233333333333334
2019-06-22,5.760000000000001
2019-06-23,8.766666666666667
2019-06-24,14.176666666666668
2019-06-25,12.113333333333333
2019-06-26,11.389999999999999
2019-06-27,13.856666666666666
2019-06-28,32.70333333333333
2019-06-29,42.24333333333333
2019-06-30,21.30666666666667
2019-07-01,27.15666666666667
2019-07-02,18.59333333333333
2019-07-03,9.16
2019-07-04,6.823333333333333
2019-07-05,11.82
2019-07-06,13.143333333333334
2019-07-07,18.196666666666665
2019-07-08,10.483333333333333
2019-07-09,6.236666666666666
2019-07-10,20.05
2019-07-11,10.889999999999999
2019-07-12,2.8633333333333337
2019-07-13,3.1133333333333337
2019-07-14,3.4733333333333336
2019-07-15,2.716666666666667
2019-07-16,2.853333333333333
2019-07-17,2.6
2019-07-18,1.7833333333333334
2019-07-19,5.8133333333333335
2019-07-20,27.623333333333335
2019-07-21,13.076666666666666
2019-07-22,5.63
2019-07-23,3.4633333333333334
2019-07-24,17.866666666666667
2019-07-25,17.426666666666666
2019-07-26,14.776666666666667
2019-07-27,20.43
2019-07-28,16.71333333333333
2019-07-29,32.48
2019-07-30,35.78
2019-07-31,26.543333333333333
2019-08-01,16.69
2019-08-02,14.673333333333334
2019-08-03,42.58
2019-08-04,69.29
2019-08-05,31.723333333333336
2019-08-06,16.726666666666667
2019-08-07,14.996666666666666
2019-08-08,24.64
2019-08-09,23.11
2019-08-10,13.186666666666667
2019-08-11,9.25
2019-08-12,3.4799999999999995
2019-08-13,2.9766666666666666
2019-08-14,5.010000000000001
2019-08-15,4.303333333333333
2019-08-16,5.27
2019-08-17,3.4233333333333333
2019-08-18,2.8833333333333333
2019-08-19,2.1
2019-08-20,1.57
2019-08-21,4.819999999999999
2019-08-22,3.43
2019-08-23,1.5833333333333333
2019-08-24,2.396666666666667
2019-08-25,1.8599999999999999
2019-08-26,4.256666666666667
2019-08-27,2.7199999999999998
2019-08-28,2.0566666666666666
2019-08-29,3.353333333333333
2019-08-30,14.979999999999999
2019-08-31,13.773333333333333
2019-09-01,14.01
2019-09-02,4.673333333333333
2019-09-03,8.59
2019-09-04,28.6
2019-09-05,13.610000000000001
2019-09-06,13.93
2019-09-07,11.716666666666667
2019-09-08,12.26
2019-09-09,12.79
2019-09-10,9.153333333333334
2019-09-11,8.08
2019-09-12,12.746666666666666
2019-09-13,8.360000000000001
2019-09-14,10.376666666666667
2019-09-15,6.723333333333333
2019-09-16,4.94
2019-09-17,14.116666666666667
2019-09-18,21.496666666666666
2019-09-19,19.34333333333333
2019-09-20,9.44
2019-09-21,1.96
2019-09-22,1.8599999999999999
2019-09-23,9.82
2019-09-24,13.78
2019-09-25,21.666666666666668
2019-09-26,16.976666666666667
2019-09-27,7.036666666666666
2019-09-28,1.4066666666666665
2019-09-29,1.5233333333333334
2019-09-30,1.98
2019-10-01,1.6633333333333336
2019-10-02,0.7066666666666667
2019-10-03,1.8833333333333333
2019-10-04,5.973333333333333
2019-10-05,6.703333333333333
2019-10-06,7.266666666666667
2019-10-07,6.923333333333333
2019-10-08,4.489999999999999
2019-10-09,2.4833333333333334
2019-10-10,1.5766666666666669
2019-10-11,4.993333333333334
2019-10-12,4.803333333333333
2019-10-13,2.433333333333333
2019-10-14,0.4766666666666667
2019-10-15,0.0
2019-10-16,0.0
2019-10-17,0.28
2019-10-18,5.8
2019-10-19,18.653333333333332
2019-10-20,20.490000000000002
2019-10-21,11.593333333333334
2019-10-22,13.58
2019-10-23,15.54
2019-10-24,17.233333333333334
2019-10-25,15.113333333333333
2019-10-26,10.879999999999999
2019-10-27,4.35
2019-10-28,8.0
2019-10-29,2.48
2019-10-30,4.056666666666667
2019-10-31,1.22
2019-11-01,5.506666666666666
2019-11-02,6.236666666666666
2019-11-03,4.3533333333333335
2019-11-04,2.1166666666666667
2019-11-05,0.18333333333333332
2019-11-06,1.2866666666666666
2019-11-07,0.6633333333333334
2019-11-08,0.58
2019-11-09,0.10666666666666667
2019-11-10,0.02666666666666667
2019-11-11,0.013333333333333334
2019-11-12,0.09000000000000001
2019-11-13,0.043333333333333335
2019-11-14,0.0
2019-11-15,0.16
2019-11-16,0.23
2019-11-17,0.08
2019-11-18,0.0
2019-11-19,0.0
2019-11-20,0.0033333333333333335
2019-11-21,0.02666666666666667
2019-11-22,0.0
2019-11-23,0.0
2019-11-24,0.0
2019-11-25,0.0
2019-11-26,0.0
2019-11-27,0.0
2019-11-28,0.0
2019-11-29,0.2033333333333333
2019-11-30,0.2533333333333333
2019-12-01,0.11000000000000001
2019-12-02,0.2633333333333333
2019-12-03,0.3333333333333333
2019-12-04,0.17333333333333334
2019-12-05,0.25666666666666665
2019-12-06,0.0
2019-12-07,0.0
2019-12-08,0.0
2019-12-09,0.0
2019-12-10,0.013333333333333334
2019-12-11,0.006666666666666667
2019-12-12,0.18000000000000002
2019-12-13,0.12000000000000001
2019-12-14,0.05333333333333333
2019-12-15,0.30333333333333334
2019-12-16,0.2733333333333333
2019-12-17,0.060000000000000005
2019-12-18,0.0
2019-12-19,0.0
2019-12-20,0.0
2019-12-21,0.0
2019-12-22,0.010000000000000002
2019-12-23,0.4966666666666667
2019-12-24,0.5399999999999999
2019-12-25,2.15
2019-12-26,3.29
2019-12-27,0.15
2019-12-28,0.12666666666666665
2019-12-29,0.2866666666666667
2019-12-30,0.43
2019-12-31,0.26666666666666666
2020-01-01,0.29
2020-01-02,0.61
2020-01-03,0.15666666666666668
2020-01-04,0.013333333333333334
2020-01-05,0.0
2020-01-06,0.010000000000000002
2020-01-07,0.20333333333333334
2020-01-08,0.8066666666666666
2020-01-09,0.006666666666666667
2020-01-10,0.0
2020-01-11,0.0
2020-01-12,0.0
2020-01-13,0.0
2020-01-14,0.010000000000000002
2020-01-15,0.0
2020-01-16,0.0
2020-01-17,0.0
2020-01-18,0.0
2020-01-19,0.08333333333333333
2020-01-20,0.006666666666666667
2020-01-21,0.02666666666666667
2020-01-22,0.0
2020-01-23,0.0
2020-01-24,0.0
2020-01-25,0.0
2020-01-26,0.0033333333333333335
2020-01-27,0.0
2020-01-28,0.21666666666666667
2020-01-29,0.0033333333333333335
2020-01-30,0.0
2020-01-31,0.0
2020-02-01,0.013333333333333334
2020-02-02,0.04
2020-02-03,0.07666666666666666
2020-02-04,0.020000000000000004
2020-02-05,0.04
2020-02-06,0.05
2020-02-07,0.060000000000000005
2020-02-08,0.5066666666666667
2020-02-09,0.010000000000000002
2020-02-10,0.8233333333333335
2020-02-11,0.06333333333333334
2020-02-12,0.05333333333333334
2020-02-13,0.0
2020-02-14,0.0
2020-02-15,0.0
2020-02-16,0.0
2020-02-17,0.0
2020-02-18,0.0
2020-02-19,0.0
2020-02-20,0.0
2020-02-21,0.0
2020-02-22,0.0
2020-02-23,0.0
2020-02-24,0.0
2020-02-25,0.0
2020-02-26,0.0
2020-02-27,0.0
2020-02-28,0.0
2020-02-29,0.006666666666666667
2020-03-01,0.30333333333333334
2020-03-02,0.02333333333333333
2020-03-03,0.0
2020-03-04,0.0033333333333333335
2020-03-05,0.0
2020-03-06,0.09333333333333332
2020-03-07,0.0
2020-03-08,0.056666666666666664
2020-03-09,0.19666666666666668
2020-03-10,0.056666666666666664
2020-03-11,0.0
2020-03-12,0.020000000000000004
2020-03-13,0.0
2020-03-14,0.0
2020-03-15,0.0
2020-03-16,0.05666666666666667
2020-03-17,0.3333333333333333
2020-03-18,0.14333333333333334
2020-03-19,0.09333333333333334
2020-03-20,0.0
2020-03-21,0.0
2020-03-22,0.0
2020-03-23,0.0
2020-03-24,0.0
2020-03-25,5.466666666666667
2020-03-26,1.59
2020-03-27,0.3233333333333333
2020-03-28,0.39333333333333337
2020-03-29,0.35333333333333333
2020-03-30,0.02
2020-03-31,0.016666666666666666
2020-04-01,0.0
2020-04-02,0.0
2020-04-03,0.0
2020-04-04,0.0
2020-04-05,0.0
2020-04-06,0.0
2020-04-07,0.0
2020-04-08,0.0
2020-04-09,0.0
2020-04-10,0.0033333333333333335
2020-04-11,0.013333333333333334
2020-04-12,0.0
2020-04-13,0.0
2020-04-14,0.0
2020-04-15,0.013333333333333334
2020-04-16,0.006666666666666667
2020-04-17,0.01
2020-04-18,0.0033333333333333335
2020-04-19,0.0
2020-04-20,0.0
2020-04-21,0.0
2020-04-22,0.0
2020-04-23,0.0
2020-04-24,0.006666666666666667
2020-04-25,0.0
2020-04-26,0.0
2020-04-27,0.006666666666666667
2020-04-28,0.013333333333333334
2020-04-29,0.0
2020-04-30,0.08666666666666667
2020-05-01,0.06666666666666667
2020-05-02,0.0
2020-05-03,0.0
2020-05-04,0.0
2020-05-05,0.0
2020-05-06,0.0
2020-05-07,0.0
2020-05-08,0.02333333333333333
2020-05-09,0.016666666666666666
2020-05-10,0.24666666666666667
2020-05-11,0.060000000000000005
2020-05-12,0.0
2020-05-13,0.16666666666666666
2020-05-14,0.6533333333333334
2020-05-15,0.41333333333333333
2020-05-16,0.14
2020-05-17,0.04
2020-05-18,0.16
2020-05-19,0.08666666666666667
2020-05-20,0.02333333333333333
2020-05-21,0.0033333333333333335
2020-05-22,0.010000000000000002
2020-05-23,0.0
2020-05-24,0.0033333333333333335
2020-05-25,0.0
2020-05-26,0.006666666666666667
2020-05-27,0.056666666666666664
2020-05-28,0.06333333333333334
2020-05-29,0.11000000000000001
2020-05-30,0.06666666666666667
2020-05-31,0.94
2020-06-01,5.796666666666667
2020-06-02,12.796666666666665
2020-06-03,39.879999999999995
2020-06-04,7.3100000000000005
2020-06-05,1.91
2020-06-06,1.9100000000000001
2020-06-07,1.4666666666666666
2020-06-08,1.7833333333333334
2020-06-09,2.13
2020-06-10,7.53
2020-06-11,6.2733333333333325
2020-06-12,8.533333333333333
2020-06-13,16.116666666666667
2020-06-14,19.023333333333333
2020-06-15,17.503333333333334
2020-06-16,15.193333333333332
2020-06-17,13.443333333333333
2020-06-18,11.06
2020-06-19,2.953333333333333
2020-06-20,2.12
2020-06-21,2.4766666666666666
2020-06-22,1.7866666666666666
2020-06-23,1.18
2020-06-24,5.12
2020-06-25,9.563333333333333
2020-06-26,16.92
2020-06-27,11.610000000000001
2020-06-28,11.353333333333333
2020-06-29,17.17
2020-06-30,13.446666666666665
2020-07-01,8.246666666666666
2020-07-02,3.26
2020-07-03,16.216666666666665
2020-07-04,29.98
2020-07-05,22.603333333333335
2020-07-06,8.863333333333333
2020-07-07,17.073333333333334
2020-07-08,9.526666666666667
2020-07-09,8.863333333333333
2020-07-10,4.553333333333333
2020-07-11,2.9233333333333333
2020-07-12,7.213333333333334
2020-07-13,9.893333333333334
2020-07-14,15.923333333333334
2020-07-15,28.89
2020-07-16,16.076666666666668
2020-07-17,7.556666666666667
2020-07-18,4.286666666666666
2020-07-19,2.5866666666666664
2020-07-20,7.0600000000000005
2020-07-21,5.23
2020-07-22,9.756666666666666
2020-07-23,14.97
2020-07-24,27.263333333333332
2020-07-25,7.0
2020-07-26,6.716666666666667
2020-07-27,5.596666666666667
2020-07-28,6.6866666666666665
2020-07-29,14.146666666666667
2020-07-30,10.2
2020-07-31,11.33
2020-08-01,5.260000000000001
2020-08-02,7.53
2020-08-03,11.51
2020-08-04,37.12
2020-08-05,40.593333333333334
2020-08-06,26.603333333333335
2020-08-07,9.84
2020-08-08,6.096666666666667
2020-08-09,5.803333333333333
2020-08-10,13.703333333333335
2020-08-11,14.116666666666667
2020-08-12,22.923333333333332
2020-08-13,23.223333333333336
2020-08-14,21.633333333333333
2020-08-15,23.946666666666665
2020-08-16,21.09
2020-08-17,22.496666666666666
2020-08-18,9.84
2020-08-19,13.716666666666667
2020-08-20,18.533333333333335
2020-08-21,14.833333333333334
2020-08-22,7.013333333333334
2020-08-23,6.583333333333333
2020-08-24,6.136666666666667
2020-08-25,3.1366666666666663
2020-08-26,1.7466666666666666
2020-08-27,2.9866666666666664
2020-08-28,14.51
2020-08-29,14.743333333333334
2020-08-30,7.296666666666667
2020-08-31,4.3533333333333335
2020-09-01,2.0466666666666664
2020-09-02,0.8833333333333333
2020-09-03,1.3099999999999998
2020-09-04,5.543333333333334
2020-09-05,5.796666666666667
2020-09-06,12.973333333333333
2020-09-07,11.026666666666667
2020-09-08,10.860000000000001
2020-09-09,6.863333333333333
2020-09-10,7.76
2020-09-11,13.666666666666666
2020-09-12,4.956666666666666
2020-09-13,4.463333333333334
2020-09-14,5.966666666666667
2020-09-15,11.110000000000001
2020-09-16,15.243333333333334
2020-09-17,14.226666666666667
2020-09-18,10.686666666666667
2020-09-19,15.88
2020-09-20,16.27
2020-09-21,20.23
2020-09-22,22.933333333333334
2020-09-23,24.290000000000003
2020-09-24,3.8400000000000003
2020-09-25,13.023333333333333
2020-09-26,7.53
2020-09-27,1.4866666666666668
2020-09-28,0.81
2020-09-29,0.6633333333333333
2020-09-30,0.7833333333333333
2020-10-01,0.5033333333333333
2020-10-02,0.7866666666666667
2020-10-03,1.5766666666666669
2020-10-04,1.3
2020-10-05,0.33666666666666667
2020-10-06,0.15666666666666668
2020-10-07,0.24666666666666665
2020-10-08,0.6466666666666666
2020-10-09,5.003333333333333
2020-10-10,8.83
2020-10-11,23.773333333333333
2020-10-12,5.3933333333333335
2020-10-13,3.183333333333333
2020-10-14,23.363333333333333
2020-10-15,9.28
2020-10-16,1.3433333333333333
2020-10-17,4.343333333333334
2020-10-18,7.346666666666667
2020-10-19,5.433333333333334
2020-10-20,4.073333333333333
2020-10-21,5.416666666666667
2020-10-22,6.976666666666666
2020-10-23,1.66
2020-10-24,2.5366666666666666
2020-10-25,2.07
2020-10-26,0.5
2020-10-27,0.05
2020-10-28,0.03333333333333333
2020-10-29,0.013333333333333334
2020-10-30,0.0
2020-10-31,0.02
2020-11-01,0.17666666666666667
2020-11-02,0.15333333333333332
2020-11-03,0.0
2020-11-04,0.0
2020-11-05,0.0
2020-11-06,0.0
2020-11-07,0.0
2020-11-08,0.0
2020-11-09,0.0
2020-11-10,0.0
2020-11-11,0.0
2020-11-12,0.0
2020-11-13,0.15
2020-11-14,0.03333333333333333
2020-11-15,0.020000000000000004
2020-11-16,0.016666666666666666
2020-11-17,0.0
2020-11-18,0.16
2020-11-19,0.45
2020-11-20,0.7799999999999999
2020-11-21,0.4633333333333333
2020-11-22,0.11666666666666667
2020-11-23,0.08
2020-11-24,0.11333333333333333
2020-11-25,0.0
2020-11-26,0.0
2020-11-27,0.24333333333333332
2020-11-28,0.7366666666666667
2020-11-29,0.030000000000000002
2020-11-30,0.15666666666666668
2020-12-01,0.0
2020-12-02,0.0
2020-12-03,0.0
2020-12-04,0.0
2020-12-05,0.0
2020-12-06,0.0
2020-12-07,0.0
2020-12-08,0.0
2020-12-09,0.01
2020-12-10,0.0
2020-12-11,0.86
2020-12-12,0.30333333333333334
2020-12-13,0.43333333333333335
2020-12-14,1.9166666666666667
2020-12-15,0.07333333333333333
2020-12-16,0.0
2020-12-17,0.0
2020-12-18,0.0
2020-12-19,0.0
2020-12-20,0.0
2020-12-21,0.0
2020-12-22,0.0
2020-12-23,0.0
2020-12-24,0.0
2020-12-25,0.0
2020-12-26,0.0
2020-12-27,0.0
2020-12-28,0.0
2020-12-29,0.0
2020-12-30,0.0
2020-12-31,0.0
2021-01-01,0.07
2021-01-02,0.09000000000000001
2021-01-03,0.04666666666666667
2021-01-04,3.24
2021-01-05,1.26
2021-01-06,0.94
2021-01-07,2.4233333333333333
2021-01-08,1.2899999999999998
2021-01-09,0.7766666666666667
2021-01-10,0.33999999999999997
2021-01-11,0.029999999999999995
2021-01-12,0.0
2021-01-13,0.0
2021-01-14,0.0
2021-01-15,0.0
2021-01-16,0.0
2021-01-17,0.0033333333333333335
2021-01-18,0.006666666666666667
2021-01-19,0.0
2021-01-20,0.0
2021-01-21,0.0
2021-01-22,0.0
2021-01-23,0.0
2021-01-24,0.0
2021-01-25,0.0
2021-01-26,0.0
2021-01-27,0.0
2021-01-28,0.0
2021-01-29,0.0
2021-01-30,0.0
2021-01-31,0.013333333333333334
2021-02-01,0.006666666666666667
2021-02-02,0.0
2021-02-03,0.0
2021-02-04,0.0
2021-02-05,0.0
2021-02-06,0.0
2021-02-07,0.0
2021-02-08,0.0
2021-02-09,0.0
2021-02-10,0.0
2021-02-11,0.0
2021-02-12,0.0
2021-02-13,0.0
2021-02-14,0.0
2021-02-15,0.0033333333333333335
2021-02-16,0.0
2021-02-17,0.02666666666666667
2021-02-18,1.1733333333333333
2021-02-19,2.8433333333333333
2021-02-20,0.030000000000000002
2021-02-21,0.06333333333333332
2021-02-22,0.030000000000000002
2021-02-23,0.0
2021-02-24,0.0
2021-02-25,0.0
2021-02-26,0.0
2021-02-27,0.0
2021-02-28,0.0
2021-03-01,0.0
2021-03-02,0.0
2021-03-03,0.0
2021-03-04,0.0
2021-03-05,0.0
2021-03-06,0.0
2021-03-07,0.0
2021-03-08,0.0
2021-03-09,0.0
2021-03-10,0.0
2021-03-11,0.0
2021-03-12,0.0
2021-03-13,0.0
2021-03-14,0.0
2021-03-15,0.0
2021-03-16,0.0
2021-03-17,0.0
2021-03-18,0.0
2021-03-19,0.016666666666666666
2021-03-20,0.14
2021-03-21,0.1
2021-03-22,0.04
2021-03-23,0.7
2021-03-24,0.1
2021-03-25,0.0
2021-03-26,0.0
2021-03-27,0.0
2021-03-28,0.0
2021-03-29,0.0
2021-03-30,0.0
2021-03-31,0.0
2021-04-01,0.0
2021-04-02,0.0
2021-04-03,0.02666666666666667
2021-04-04,0.0
2021-04-05,0.0
2021-04-06,0.0
2021-04-07,0.0
2021-04-08,0.0033333333333333335
2021-04-09,0.0
2021-04-10,0.020000000000000004
2021-04-11,0.013333333333333332
2021-04-12,0.19
2021-04-13,0.06333333333333332
2021-04-14,0.9
2021-04-15,0.0
2021-04-16,0.0
2021-04-17,0.0
2021-04-18,0.0
2021-04-19,0.0
2021-04-20,0.0
2021-04-21,0.0033333333333333335
2021-04-22,0.0
2021-04-23,0.0
2021-04-24,0.0
2021-04-25,0.0033333333333333335
2021-04-26,0.35666666666666663
2021-04-27,0.11
2021-04-28,0.08333333333333333
2021-04-29,0.07333333333333333
2021-04-30,0.2533333333333333
2021-05-01,0.43666666666666665
2021-05-02,2.1633333333333336
2021-05-03,0.13666666666666666
2021-05-04,0.010000000000000002
2021-05-05,0.006666666666666667
2021-05-06,0.023333333333333334
2021-05-07,0.7266666666666667
2021-05-08,0.13
2021-05-09,0.32
2021-05-10,0.08
2021-05-11,0.0033333333333333335
2021-05-12,0.0033333333333333335
2021-05-13,0.03333333333333333
2021-05-14,0.05333333333333333
2021-05-15,0.09000000000000001
2021-05-16,5.1033333333333335
2021-05-17,13.313333333333333
2021-05-18,4.1433333333333335
2021-05-19,8.15
2021-05-20,0.36333333333333334
2021-05-21,0.03666666666666667
2021-05-22,0.2
2021-05-23,0.5366666666666666
2021-05-24,0.4166666666666667
2021-05-25,0.35
2021-05-26,0.18333333333333332
2021-05-27,0.7366666666666667
2021-05-28,0.5033333333333333
2021-05-29,4.163333333333333
2021-05-30,4.966666666666667
2021-05-31,3.2266666666666666
2021-06-01,4.933333333333334
2021-06-02,5.03
2021-06-03,2.8633333333333337
2021-06-04,5.036666666666666
2021-06-05,6.9766666666666675
2021-06-06,3.2666666666666666
2021-06-07,2.93
2021-06-08,5.569999999999999
2021-06-09,12.323333333333332
2021-06-10,9.003333333333334
2021-06-11,3.713333333333333
2021-06-12,5.01
2021-06-13,2.2933333333333334
2021-06-14,1.9233333333333333
2021-06-15,2.86
2021-06-16,4.659999999999999
2021-06-17,3.963333333333333
2021-06-18,7.973333333333333
2021-06-19,6.0566666666666675
2021-06-20,3.93
2021-06-21,2.6533333333333333
2021-06-22,2.216666666666667
2021-06-23,7.36
2021-06-24,10.55
2021-06-25,8.770000000000001
2021-06-26,2.93
2021-06-27,13.673333333333334
2021-06-28,21.326666666666664
2021-06-29,2.9699999999999998
2021-06-30,2.3
2021-07-01,1.3666666666666667
2021-07-02,1.0766666666666667
2021-07-03,0.74
2021-07-04,0.7899999999999999
2021-07-05,0.6966666666666668
2021-07-06,1.6266666666666665
2021-07-07,5.413333333333333
2021-07-08,15.533333333333333
2021-07-09,15.283333333333333
2021-07-10,14.736666666666668
2021-07-11,8.139999999999999
2021-07-12,14.343333333333334
2021-07-13,17.896666666666665
2021-07-14,16.983333333333334
2021-07-15,19.546666666666667
2021-07-16,13.046666666666665
2021-07-17,6.496666666666667
2021-07-18,19.68
2021-07-19,21.05666666666667
2021-07-20,11.893333333333334
2021-07-21,34.61666666666667
2021-07-22,24.333333333333332
2021-07-23,19.346666666666668
2021-07-24,9.266666666666667
2021-07-25,6.459999999999999
2021-07-26,8.93
2021-07-27,6.916666666666667
2021-07-28,9.053333333333335
2021-07-29,7.6433333333333335
2021-07-30,6.676666666666667
2021-07-31,3.746666666666667
2021-08-01,3.6
2021-08-02,3.8066666666666666
2021-08-03,5.430000000000001
2021-08-04,4.566666666666666
2021-08-05,3.8699999999999997
2021-08-06,2.3666666666666667
2021-08-07,2.49
2021-08-08,2.5300000000000002
2021-08-09,2.8266666666666667
2021-08-10,2.29
2021-08-11,2.746666666666667
2021-08-12,3.6
2021-08-13,2.9866666666666664
2021-08-14,4.363333333333333
2021-08-15,3.8
2021-08-16,5.926666666666667
2021-08-17,20.05666666666667
2021-08-18,28.333333333333332
2021-08-19,27.57
2021-08-20,11.97
2021-08-21,9.78
2021-08-22,5.693333333333333
2021-08-23,1.5
2021-08-24,1.5766666666666667
2021-08-25,1.1166666666666667
2021-08-26,1.9433333333333331
2021-08-27,1.7833333333333334
2021-08-28,1.28
2021-08-29,2.04
2021-08-30,17.959999999999997
2021-08-31,45.169999999999995
2021-09-01,9.67
2021-09-02,3.4566666666666666
2021-09-03,3.3266666666666667
2021-09-04,21.176666666666666
2021-09-05,22.75
2021-09-06,12.066666666666666
2021-09-07,45.906666666666666
2021-09-08,29.57
2021-09-09,7.78
2021-09-10,5.6033333333333335
2021-09-11,9.833333333333334
2021-09-12,13.513333333333332
2021-09-13,29.103333333333335
2021-09-14,7.3
2021-09-15,2.0433333333333334
2021-09-16,1.0433333333333334
2021-09-17,1.0866666666666667
2021-09-18,1.0133333333333332
2021-09-19,2.996666666666667
2021-09-20,7.953333333333333
2021-09-21,19.716666666666665
2021-09-22,23.256666666666668
2021-09-23,9.703333333333335
2021-09-24,3.75
2021-09-25,5.203333333333333
2021-09-26,8.623333333333333
2021-09-27,13.633333333333333
2021-09-28,48.29666666666667
2021-09-29,8.51
2021-09-30,2.3333333333333335
2021-10-01,7.526666666666666
2021-10-02,4.926666666666667
2021-10-03,3.3733333333333335
2021-10-04,2.5966666666666667
2021-10-05,5.2266666666666675
2021-10-06,9.036666666666667
2021-10-07,1.6266666666666665
2021-10-08,8.729999999999999
2021-10-09,13.120000000000001
2021-10-10,6.1899999999999995
2021-10-11,1.8900000000000001
2021-10-12,0.33999999999999997
2021-10-13,0.07666666666666667
2021-10-14,0.04666666666666666
2021-10-15,0.0
2021-10-16,1.1533333333333333
2021-10-17,4.953333333333333
2021-10-18,0.19666666666666668
2021-10-19,0.11333333333333333
2021-10-20,0.01
2021-10-21,0.0
2021-10-22,0.0
2021-10-23,0.0
2021-10-24,0.0
2021-10-25,0.0
2021-10-26,0.0
2021-10-27,0.0
2021-10-28,0.0
2021-10-29,0.0
2021-10-30,0.0
2021-10-31,0.0
2021-11-01,0.013333333333333334
2021-11-02,0.0
2021-11-03,0.4733333333333334
2021-11-04,0.41000000000000003
2021-11-05,0.9433333333333334
2021-11-06,1.403333333333333
2021-11-07,0.013333333333333334
2021-11-08,0.0
2021-11-09,0.0
2021-11-10,0.0
2021-11-11,0.0
2021-11-12,0.006666666666666667
2021-11-13,0.30333333333333334
2021-11-14,0.6233333333333333
2021-11-15,0.36000000000000004
2021-11-16,1.1566666666666667
2021-11-17,5.87
2021-11-18,1.98
2021-11-19,1.8299999999999998
2021-11-20,4.526666666666667
2021-11-21,5.53
2021-11-22,3.2066666666666666
2021-11-23,0.8200000000000001
2021-11-24,0.22666666666666666
2021-11-25,0.0
2021-11-26,0.0
2021-11-27,0.0
2021-11-28,0.0
2021-11-29,0.0
2021-11-30,0.2833333333333333
2021-12-01,16.553333333333335
2021-12-02,22.14333333333333
2021-12-03,8.753333333333332
2021-12-04,1.8633333333333333
2021-12-05,0.38999999999999996
2021-12-06,0.12000000000000001
2021-12-07,0.01
2021-12-08,0.013333333333333334
2021-12-09,0.03333333333333333
2021-12-10,0.0
2021-12-11,0.006666666666666667
2021-12-12,0.0033333333333333335
2021-12-13,0.0
2021-12-14,0.0
2021-12-15,0.030000000000000002
2021-12-16,0.03333333333333333
2021-12-17,0.0
2021-12-18,0.0
2021-12-19,0.0
2021-12-20,0.0
2021-12-21,0.0
2021-12-22,0.0
2021-12-23,0.0
2021-12-24,0.0
2021-12-25,0.0
2021-12-26,0.0
2021-12-27,0.0
2021-12-28,0.006666666666666667
2021-12-29,0.043333333333333335
2021-12-30,0.18666666666666665
2021-12-31,0.06333333333333334
2022-01-01,0.03333333333333333
2022-01-02,0.14
2022-01-03,0.02333333333333333
2022-01-04,0.0
2022-01-05,0.0
2022-01-06,0.01
2022-01-07,0.06333333333333332
2022-01-08,1.8066666666666669
2022-01-09,0.7866666666666667
2022-01-10,0.39333333333333337
2022-01-11,0.33
2022-01-12,0.13333333333333333
2022-01-13,0.5
2022-01-14,0.7866666666666667
2022-01-15,0.030000000000000002
2022-01-16,0.0033333333333333335
2022-01-17,0.02666666666666667
2022-01-18,0.0
2022-01-19,0.0
2022-01-20,0.0
2022-01-21,0.0
2022-01-22,0.6433333333333333
2022-01-23,0.35333333333333333
2022-01-24,0.0
2022-01-25,0.0
2022-01-26,0.0
2022-01-27,0.0
2022-01-28,0.0
2022-01-29,0.0
2022-01-30,0.0
2022-01-31,0.0
2022-02-01,0.0
2022-02-02,0.0
2022-02-03,0.0033333333333333335
2022-02-04,0.016666666666666666
2022-02-05,0.0
2022-02-06,0.0
2022-02-07,0.0
2022-02-08,0.0
2022-02-09,0.0
2022-02-10,0.0
2022-02-11,0.0
2022-02-12,0.0
2022-02-13,0.0
2022-02-14,0.0
2022-02-15,0.0
2022-02-16,0.0
2022-02-17,0.02
2022-02-18,0.0
2022-02-19,0.0
2022-02-20,0.0
2022-02-21,0.0
2022-02-22,0.0
2022-02-23,0.0
2022-02-24,0.0
2022-02-25,0.0
2022-02-26,0.0
2022-02-27,0.0
2022-02-28,0.0
2022-03-01,0.0
2022-03-02,0.0
2022-03-03,0.0
2022-03-04,0.0
2022-03-05,0.0
2022-03-06,0.0
2022-03-07,0.010000000000000002
2022-03-08,0.05999999999999999
2022-03-09,1.1266666666666665
2022-03-10,0.0
2022-03-11,0.33666666666666667
2022-03-12,0.25
2022-03-13,0.0
2022-03-14,0.0
2022-03-15,0.0
2022-03-16,0.0
2022-03-17,0.0
2022-03-18,0.0
2022-03-19,0.0
2022-03-20,0.0
2022-03-21,0.0
2022-03-22,0.0
2022-03-23,0.0
2022-03-24,0.013333333333333334
2022-03-25,0.006666666666666667
2022-03-26,0.0
2022-03-27,0.0
2022-03-28,0.0
2022-03-29,0.0
2022-03-30,0.0
2022-03-31,0.0
2022-04-01,0.0
2022-04-02,0.0
2022-04-03,0.0
2022-04-04,0.0
2022-04-05,0.016666666666666666
2022-04-06,0.0
2022-04-07,0.0
2022-04-08,0.0
2022-04-09,0.0
2022-04-10,0.0
2022-04-11,0.0
2022-04-12,0.0
2022-04-13,0.006666666666666667
2022-04-14,0.0
2022-04-15,0.0
2022-04-16,0.0
2022-04-17,0.0
2022-04-18,0.006666666666666667
2022-04-19,0.0
2022-04-20,0.04666666666666666
2022-04-21,0.060000000000000005
2022-04-22,0.02666666666666667
2022-04-23,0.1
2022-04-24,0.006666666666666667
2022-04-25,0.010000000000000002
2022-04-26,0.0
2022-04-27,0.0
2022-04-28,0.0033333333333333335
2022-04-29,0.0
2022-04-30,0.0
2022-05-01,0.0
2022-05-02,0.0033333333333333335
2022-05-03,0.01
2022-05-04,0.02
2022-05-05,0.0
2022-05-06,0.0
2022-05-07,0.0
2022-05-08,0.0
2022-05-09,0.006666666666666667
2022-05-10,0.010000000000000002
2022-05-11,0.03666666666666667
2022-05-12,0.11666666666666667
2022-05-13,0.04000000000000001
2022-05-14,0.030000000000000002
2022-05-15,0.02333333333333333
2022-05-16,0.016666666666666666
2022-05-17,0.03333333333333333
2022-05-18,0.04
2022-05-19,0.47
2022-05-20,0.85
2022-05-21,0.11666666666666667
2022-05-22,0.6
2022-05-23,0.6
2022-05-24,0.6166666666666667
2022-05-25,0.2733333333333333
2022-05-26,0.33
2022-05-27,0.26999999999999996
2022-05-28,0.14
2022-05-29,0.21666666666666667
2022-05-30,0.19333333333333333
2022-05-31,0.1766666666666667
2022-06-01,2.08
2022-06-02,0.12333333333333334
2022-06-03,0.07666666666666666
2022-06-04,0.03666666666666666
2022-06-05,0.3433333333333334
2022-06-06,0.85
2022-06-07,0.5033333333333333
2022-06-08,1.2033333333333334
2022-06-09,2.65
2022-06-10,6.166666666666667
2022-06-11,16.403333333333332
2022-06-12,10.096666666666668
2022-06-13,3.6966666666666668
2022-06-14,2.1533333333333333
2022-06-15,1.1366666666666667
2022-06-16,2.0466666666666664
2022-06-17,2.966666666666667
2022-06-18,5.793333333333334
2022-06-19,7.72
2022-06-20,8.78
2022-06-21,6.359999999999999
2022-06-22,13.360000000000001
2022-06-23,13.336666666666668
2022-06-24,18.623333333333335
2022-06-25,9.873333333333333
2022-06-26,7.3100000000000005
2022-06-27,21.996666666666666
2022-06-28,9.520000000000001
2022-06-29,5.88
2022-06-30,10.793333333333333
2022-07-01,8.729999999999999
2022-07-02,6.743333333333333
2022-07-03,5.446666666666667
2022-07-04,9.723333333333333
2022-07-05,17.1
2022-07-06,7.096666666666667
2022-07-07,11.673333333333334
2022-07-08,24.689999999999998
2022-07-09,23.726666666666667
2022-07-10,26.773333333333333
2022-07-11,33.73
2022-07-12,33.32333333333334
2022-07-13,71.76333333333334
2022-07-14,36.92333333333333
2022-07-15,19.25
2022-07-16,14.5
2022-07-17,11.196666666666665
2022-07-18,23.733333333333334
2022-07-19,6.4
2022-07-20,3.33
2022-07-21,2.98
2022-07-22,5.3100000000000005
2022-07-23,15.389999999999999
2022-07-24,13.860000000000001
2022-07-25,4.486666666666666
2022-07-26,8.16
2022-07-27,10.663333333333332
2022-07-28,4.6066666666666665
2022-07-29,5.966666666666667
2022-07-30,5.569999999999999
2022-07-31,2.2333333333333334
2022-08-01,1.3766666666666665
2022-08-02,2.2933333333333334
2022-08-03,7.58
2022-08-04,18.95
2022-08-05,26.363333333333333
2022-08-06,16.67
2022-08-07,24.34
2022-08-08,25.67
2022-08-09,19.986666666666668
2022-08-10,15.673333333333334
2022-08-11,13.563333333333333
2022-08-12,9.07
2022-08-13,9.389999999999999
2022-08-14,6.6933333333333325
2022-08-15,18.15666666666667
2022-08-16,16.076666666666668
2022-08-17,6.586666666666667
2022-08-18,5.166666666666667
2022-08-19,4.53
2022-08-20,5.206666666666666
2022-08-21,3.3466666666666667
2022-08-22,4.62
2022-08-23,4.213333333333334
2022-08-24,4.093333333333333
2022-08-25,2.2266666666666666
2022-08-26,1.77
2022-08-27,1.0833333333333333
2022-08-28,0.8666666666666667
2022-08-29,1.0533333333333335
2022-08-30,11.4
2022-08-31,17.763333333333332
2022-09-01,13.763333333333332
2022-09-02,2.4066666666666667
2022-09-03,3.546666666666667
2022-09-04,13.2
2022-09-05,6.496666666666667
2022-09-06,8.47
2022-09-07,11.836666666666666
2022-09-08,17.85
2022-09-09,11.383333333333333
2022-09-10,14.036666666666667
2022-09-11,14.629999999999999
2022-09-12,18.60666666666667
2022-09-13,15.906666666666666
2022-09-14,7.346666666666667
2022-09-15,10.803333333333333
2022-09-16,26.816666666666666
2022-09-17,12.636666666666667
2022-09-18,12.133333333333333
2022-09-19,19.73
2022-09-20,7.01
2022-09-21,2.5533333333333337
2022-09-22,3.7066666666666666
2022-09-23,1.4200000000000002
2022-09-24,1.53
2022-09-25,1.63
2022-09-26,5.566666666666666
2022-09-27,3.566666666666667
2022-09-28,7.983333333333333
2022-09-29,5.833333333333333
2022-09-30,2.533333333333333
2022-10-01,1.6
2022-10-02,0.66
2022-10-03,0.6633333333333333
2022-10-04,0.46
2022-10-05,1.6666666666666667
2022-10-06,18.976666666666667
2022-10-07,17.19333333333333
2022-10-08,4.953333333333333
2022-10-09,1.96
2022-10-10,11.443333333333333
2022-10-11,10.5
2022-10-12,16.933333333333334
2022-10-13,7.446666666666667
2022-10-14,10.066666666666666
2022-10-15,0.21666666666666667
2022-10-16,4.3966666666666665
2022-10-17,11.676666666666668
2022-10-18,7.386666666666667
2022-10-19,3.76
2022-10-20,4.536666666666666
2022-10-21,7.946666666666667
2022-10-22,0.53
2022-10-23,0.0
2022-10-24,0.0
2022-10-25,0.0
2022-10-26,0.0
2022-10-27,0.0
2022-10-28,0.0
2022-10-29,0.0
2022-10-30,0.0
2022-10-31,0.0
2022-11-01,0.0
2022-11-02,0.0
2022-11-03,0.0
2022-11-04,0.0
2022-11-05,0.0
2022-11-06,0.0
2022-11-07,0.0
2022-11-08,0.0
2022-11-09,0.0
2022-11-10,0.0
2022-11-11,0.0
2022-11-12,0.0
2022-11-13,0.0
2022-11-14,0.0
2022-11-15,0.0
2022-11-16,0.0
2022-11-17,0.0
2022-11-18,0.0
2022-11-19,0.0
2022-11-20,0.0
2022-11-21,0.0
2022-11-22,0.0
2022-11-23,0.0
2022-11-24,0.0
2022-11-25,0.0
2022-11-26,0.02666666666666667
2022-11-27,0.0
2022-11-28,0.0
2022-11-29,0.0
2022-11-30,0.0
2022-12-01,0.0
2022-12-02,0.0
2022-12-03,0.0033333333333333335
2022-12-04,0.13666666666666666
2022-12-05,0.12000000000000001
2022-12-06,0.0
2022-12-07,0.0
2022-12-08,0.0
2022-12-09,0.0
2022-12-10,0.0
2022-12-11,0.9033333333333332
2022-12-12,1.2133333333333334
2022-12-13,0.83
2022-12-14,2.06
2022-12-15,0.22333333333333333
2022-12-16,0.09333333333333334
2022-12-17,0.060000000000000005
2022-12-18,0.0
2022-12-19,0.0
2022-12-20,0.0
2022-12-21,0.0
2022-12-22,0.0
2022-12-23,0.0
2022-12-24,0.0
2022-12-25,0.0
2022-12-26,0.0
2022-12-27,0.02666666666666667
2022-12-28,0.0
2022-12-29,0.0
2022-12-30,0.0
2022-12-31,0.0
2023-01-01,0.0
2023-01-02,0.0
2023-01-03,0.0033333333333333335
2023-01-04,0.07
2023-01-05,0.21
2023-01-06,0.24666666666666667
2023-01-07,0.0033333333333333335
2023-01-08,0.0
2023-01-09,0.0
2023-01-10,0.0
2023-01-11,0.0
2023-01-12,0.0
2023-01-13,0.0
2023-01-14,0.0
2023-01-15,0.0
2023-01-16,0.0
2023-01-17,0.0
2023-01-18,0.0
2023-01-19,0.0
2023-01-20,0.0
2023-01-21,0.0
2023-01-22,0.0
2023-01-23,0.0
2023-01-24,0.5266666666666666
2023-01-25,0.77
2023-01-26,0.8833333333333333
2023-01-27,0.02666666666666667
2023-01-28,0.0
2023-01-29,0.11
2023-01-30,0.020000000000000004
2023-01-31,0.02
2023-02-01,0.11333333333333333
2023-02-02,0.0
2023-02-03,0.0
2023-02-04,0.0
2023-02-05,0.0
2023-02-06,0.0
2023-02-07,0.0
2023-02-08,0.0
2023-02-09,0.0
2023-02-10,0.0
2023-02-11,0.0
2023-02-12,0.0
2023-02-13,0.0
2023-02-14,0.0
2023-02-15,0.0
2023-02-16,0.0
2023-02-17,0.0
2023-02-18,0.0
2023-02-19,0.0
2023-02-20,0.0
2023-02-21,0.0
2023-02-22,0.0
2023-02-23,0.0
2023-02-24,0.0
2023-02-25,0.0
2023-02-26,0.0
2023-02-27,0.0
2023-02-28,0.0
2023-03-01,0.0
2023-03-02,0.0
2023-03-03,0.0
2023-03-04,0.0
2023-03-05,0.16333333333333336
2023-03-06,1.5966666666666667
2023-03-07,2.086666666666667
2023-03-08,0.16333333333333336
2023-03-09,0.0
2023-03-10,0.0
2023-03-11,0.0
2023-03-12,0.0
2023-03-13,0.0033333333333333335
2023-03-14,0.06333333333333334
2023-03-15,0.38999999999999996
2023-03-16,4.136666666666667
2023-03-17,1.4033333333333333
2023-03-18,2.3533333333333335
2023-03-19,0.0033333333333333335
2023-03-20,0.08333333333333333
2023-03-21,0.2733333333333333
2023-03-22,0.15666666666666665
2023-03-23,0.013333333333333334
2023-03-24,0.0
2023-03-25,0.0
2023-03-26,0.0
2023-03-27,0.0
2023-03-28,0.0
2023-03-29,0.0
2023-03-30,0.013333333333333334
2023-03-31,0.2966666666666667
2023-04-01,0.0
2023-04-02,0.0
2023-04-03,0.0
2023-04-04,0.0
2023-04-05,0.0
2023-04-06,0.0
2023-04-07,4.783333333333333
2023-04-08,3.4833333333333334
2023-04-09,1.45
2023-04-10,0.15666666666666668
2023-04-11,0.06666666666666667
2023-04-12,0.06333333333333332
2023-04-13,0.22
2023-04-14,0.45333333333333337
2023-04-15,0.5066666666666666
2023-04-16,0.09000000000000001
2023-04-17,0.20666666666666667
2023-04-18,0.24333333333333332
2023-04-19,0.25333333333333335
2023-04-20,0.4
2023-04-21,0.016666666666666666
2023-04-22,0.0033333333333333335
2023-04-23,0.0
2023-04-24,0.0
2023-04-25,0.2966666666666667
2023-04-26,0.23333333333333334
2023-04-27,2.7299999999999995
2023-04-28,6.2266666666666675
2023-04-29,3.4299999999999997
2023-04-30,0.5533333333333333
2023-05-01,0.08333333333333333
2023-05-02,0.2
2023-05-03,0.7233333333333334
2023-05-04,0.28
2023-05-05,0.2633333333333333
2023-05-06,0.24000000000000002
2023-05-07,1.2
2023-05-08,1.4133333333333333
2023-05-09,1.0233333333333332
2023-05-10,0.0033333333333333335
2023-05-11,0.0
2023-05-12,0.0
2023-05-13,0.030000000000000002
2023-05-14,0.0
2023-05-15,0.12333333333333334
2023-05-16,0.09333333333333332
2023-05-17,0.013333333333333334
2023-05-18,0.0033333333333333335
2023-05-19,0.0
2023-05-20,0.0033333333333333335
2023-05-21,0.029999999999999995
2023-05-22,0.04666666666666666
2023-05-23,0.05
2023-05-24,0.02333333333333333
2023-05-25,0.056666666666666664
2023-05-26,0.2833333333333333
2023-05-27,0.04666666666666667
2023-05-28,0.15
2023-05-29,0.02333333333333333
2023-05-30,0.006666666666666667
2023-05-31,0.0
2023-06-01,0.0
2023-06-02,0.020000000000000004
2023-06-03,0.9666666666666667
2023-06-04,3.0566666666666666
2023-06-05,0.12000000000000001
2023-06-06,0.1366666666666667
2023-06-07,0.056666666666666664
2023-06-08,0.19666666666666668
2023-06-09,0.2833333333333333
2023-06-10,3.2066666666666666
2023-06-11,1.9333333333333333
2023-06-12,0.23
2023-06-13,0.8166666666666667
2023-06-14,1.73
2023-06-15,0.41333333333333333
2023-06-16,1.6633333333333333
2023-06-17,1.7166666666666666
2023-06-18,1.51
2023-06-19,0.5933333333333334
2023-06-20,0.8866666666666667
2023-06-21,0.7200000000000001
2023-06-22,0.5033333333333333
2023-06-23,1.2166666666666666
2023-06-24,15.35
2023-06-25,8.6
2023-06-26,9.129999999999999
2023-06-27,8.223333333333333
2023-06-28,14.793333333333333
2023-06-29,13.483333333333333
2023-06-30,16.046666666666667
2023-07-01,9.94
2023-07-02,7.293333333333334
2023-07-03,3.8800000000000003
2023-07-04,9.776666666666667
2023-07-05,15.773333333333333
2023-07-06,13.353333333333333
2023-07-07,18.31
2023-07-08,8.706666666666667
2023-07-09,4.673333333333333
2023-07-10,3.33
2023-07-11,8.693333333333333
2023-07-12,10.496666666666666
2023-07-13,7.42
2023-07-14,15.046666666666669
2023-07-15,8.13
2023-07-16,8.776666666666667
2023-07-17,8.83
2023-07-18,22.696666666666665
2023-07-19,28.990000000000002
2023-07-20,10.093333333333334
2023-07-21,15.19
2023-07-22,21.386666666666667
2023-07-23,17.573333333333334
2023-07-24,12.24
2023-07-25,18.203333333333333
2023-07-26,15.783333333333333
2023-07-27,17.726666666666667
2023-07-28,16.84
2023-07-29,5.673333333333333
2023-07-30,5.73
2023-07-31,5.89
2023-08-01,5.296666666666667
2023-08-02,4.013333333333334
2023-08-03,4.096666666666667
2023-08-04,3.25
2023-08-05,4.5233333333333325
2023-08-06,3.3
2023-08-07,2.0533333333333332
2023-08-08,2.396666666666667
2023-08-09,2.1599999999999997
2023-08-10,3.146666666666667
2023-08-11,1.6966666666666665
2023-08-12,2.5433333333333334
2023-08-13,3.65
2023-08-14,2.68
2023-08-15,2.746666666666667
2023-08-16,2.4699999999999998
2023-08-17,1.37
2023-08-18,4.576666666666667
2023-08-19,8.976666666666667
2023-08-20,6.693333333333333
2023-08-21,1.896666666666667
2023-08-22,5.23
2023-08-23,1.7
2023-08-24,2.5166666666666666
2023-08-25,4.933333333333334
2023-08-26,5.7733333333333325
2023-08-27,5.756666666666666
2023-08-28,1.7866666666666666
2023-08-29,1.1066666666666667
2023-08-30,0.3766666666666667
2023-08-31,0.55
2023-09-01,0.5966666666666666
2023-09-02,1.7866666666666666
2023-09-03,3.1733333333333333
2023-09-04,2.5433333333333334
2023-09-05,0.7633333333333333
2023-09-06,2.5233333333333334
2023-09-07,16.646666666666665
2023-09-08,30.376666666666665
2023-09-09,12.453333333333335
2023-09-10,3.356666666666667
2023-09-11,1.7766666666666666
2023-09-12,0.8800000000000001
2023-09-13,1.2733333333333334
2023-09-14,2.54
2023-09-15,3.5633333333333335
2023-09-16,6.503333333333333
2023-09-17,3.066666666666667
2023-09-18,4.206666666666667
2023-09-19,4.29
2023-09-20,5.1033333333333335
2023-09-21,12.479999999999999
2023-09-22,23.029999999999998
2023-09-23,23.19
2023-09-24,10.71
2023-09-25,6.583333333333333
2023-09-26,13.483333333333333
2023-09-27,14.676666666666668
2023-09-28,9.203333333333335
2023-09-29,16.163333333333334
2023-09-30,10.139999999999999
2023-10-01,8.703333333333335
2023-10-02,0.5166666666666667
2023-10-03,0.16999999999999998
2023-10-04,0.19666666666666666
2023-10-05,0.0033333333333333335
2023-10-06,0.05666666666666667
2023-10-07,0.0
2023-10-08,0.0
2023-10-09,0.0033333333333333335
2023-10-10,0.0
2023-10-11,0.03333333333333333
2023-10-12,0.05
2023-10-13,0.0
2023-10-14,0.0
2023-10-15,0.12000000000000001
2023-10-16,0.3266666666666667
2023-10-17,0.18000000000000002
2023-10-18,0.043333333333333335
2023-10-19,0.34
2023-10-20,0.23
2023-10-21,0.5466666666666666
2023-10-22,0.02
2023-10-23,0.0
2023-10-24,0.0
2023-10-25,0.0
2023-10-26,0.0
2023-10-27,0.0
2023-10-28,0.0
2023-10-29,0.0
2023-10-30,0.0
2023-10-31,0.0
2023-11-01,0.0
2023-11-02,0.0
2023-11-03,0.0
2023-11-04,0.0
2023-11-05,0.0
2023-11-06,0.006666666666666667
2023-11-07,0.0033333333333333335
2023-11-08,1.45
2023-11-09,0.8866666666666667
2023-11-10,2.1566666666666667
2023-11-11,0.006666666666666667
2023-11-12,0.0
2023-11-13,0.0
2023-11-14,0.0
2023-11-15,0.0
2023-11-16,0.0
2023-11-17,0.0
2023-11-18,0.0
2023-11-19,0.0
2023-11-20,0.0
2023-11-21,0.0
2023-11-22,0.0
2023-11-23,0.25333333333333335
2023-11-24,0.38
2023-11-25,0.5700000000000001
2023-11-26,9.073333333333332
2023-11-27,10.793333333333333
2023-11-28,6.096666666666667
2023-11-29,2.033333333333333
2023-11-30,2.9566666666666666
2023-12-01,5.260000000000001
2023-12-02,0.33
2023-12-03,0.08000000000000002
2023-12-04,0.013333333333333334
2023-12-05,0.16666666666666666
2023-12-06,0.38999999999999996
2023-12-07,0.6166666666666667
2023-12-08,0.22666666666666666
2023-12-09,0.0033333333333333335
2023-12-10,0.0
2023-12-11,0.0
2023-12-12,0.0
2023-12-13,0.0
2023-12-14,0.0
2023-12-15,0.0
2023-12-16,0.0
2023-12-17,0.0
2023-12-18,0.0
2023-12-19,0.0
2023-12-20,0.0
2023-12-21,0.0
2023-12-22,0.013333333333333334
2023-12-23,0.0
2023-12-24,0.0
2023-12-25,0.0
2023-12-26,0.0
2023-12-27,0.0
2023-12-28,0.0
2023-12-29,0.0
2023-12-30,0.0
2023-12-31,0.0
2024-01-01,0.0
2024-01-02,0.0
2024-01-03,0.0033333333333333335
2024-01-04,0.11666666666666668
2024-01-05,0.9800000000000001
2024-01-06,0.7566666666666666
2024-01-07,0.18333333333333332
2024-01-08,0.08
2024-01-09,1.0
2024-01-10,1.39
2024-01-11,0.06333333333333332
2024-01-12,0.0
2024-01-13,0.0
2024-01-14,0.0
2024-01-15,0.0
2024-01-16,0.0
2024-01-17,0.0
2024-01-18,0.0
2024-01-19,0.0
2024-01-20,0.013333333333333334
2024-01-21,0.0
2024-01-22,0.0
2024-01-23,0.0
2024-01-24,0.0
2024-01-25,0.0
2024-01-26,0.0
2024-01-27,0.0
2024-01-28,0.0
2024-01-29,0.0
2024-01-30,0.0
2024-01-31,0.0
2024-02-01,0.0
2024-02-02,0.0
2024-02-03,0.0
2024-02-04,0.0
2024-02-05,0.0
2024-02-06,0.0
2024-02-07,0.0
2024-02-08,0.0
2024-02-09,0.0
2024-02-10,0.0
2024-02-11,0.0
2024-02-12,0.0
2024-02-13,0.0
2024-02-14,0.0
2024-02-15,0.006666666666666667
2024-02-16,0.0
2024-02-17,0.0
2024-02-18,0.0
2024-02-19,0.0
2024-02-20,0.0
2024-02-21,0.0033333333333333335
2024-02-22,0.013333333333333334
2024-02-23,0.0
2024-02-24,0.0
2024-02-25,0.0
2024-02-26,0.23333333333333334
2024-02-27,0.26333333333333336
2024-02-28,0.0
2024-02-29,0.0
2024-03-01,0.02
2024-03-02,0.02666666666666667
2024-03-03,0.17666666666666667
2024-03-04,0.0
2024-03-05,0.0
2024-03-06,0.0
2024-03-07,0.0
2024-03-08,0.0
2024-03-09,0.0
2024-03-10,0.0
2024-03-11,0.0
2024-03-12,0.0
2024-03-13,0.0
2024-03-14,0.0
2024-03-15,0.0
2024-03-16,0.0
2024-03-17,0.0
2024-03-18,0.0
2024-03-19,0.0
2024-03-20,0.0
2024-03-21,0.0
2024-03-22,0.0
2024-03-23,0.0
2024-03-24,0.0
2024-03-25,0.0
2024-03-26,0.0
2024-03-27,0.0
2024-03-28,0.0
2024-03-29,0.05999999999999999
2024-03-30,0.0
2024-03-31,0.006666666666666667
2024-04-01,0.0033333333333333335
2024-04-02,0.0
2024-04-03,0.0
2024-04-04,0.0
2024-04-05,0.0
2024-04-06,0.0
2024-04-07,0.006666666666666667
2024-04-08,0.0
2024-04-09,0.0
2024-04-10,0.01
2024-04-11,1.8399999999999999
2024-04-12,1.7833333333333334
2024-04-13,2.0566666666666666
2024-04-14,0.056666666666666664
2024-04-15,0.006666666666666667
2024-04-16,0.07
2024-04-17,0.16
2024-04-18,0.060000000000000005
2024-04-19,0.05
2024-04-20,0.36000000000000004
2024-04-21,0.38666666666666666
2024-04-22,0.9299999999999999
2024-04-23,0.030000000000000002
2024-04-24,0.16999999999999998
2024-04-25,0.38666666666666666
2024-04-26,0.05333333333333334
2024-04-27,0.0
2024-04-28,0.02
2024-04-29,0.006666666666666667
2024-04-30,0.0
2024-05-01,0.0
2024-05-02,0.0
2024-05-03,0.0
2024-05-04,0.0
2024-05-05,0.0
2024-05-06,0.0
2024-05-07,0.01
2024-05-08,0.01
2024-05-09,0.20666666666666667
2024-05-10,3.9433333333333334
2024-05-11,1.0533333333333335
2024-05-12,2.31
2024-05-13,2.55
2024-05-14,0.9266666666666666
2024-05-15,1.0966666666666667
2024-05-16,0.7033333333333334
2024-05-17,0.5700000000000001
2024-05-18,0.4033333333333333
2024-05-19,0.5566666666666666
2024-05-20,0.10333333333333333
2024-05-21,0.21666666666666667
2024-05-22,0.5800000000000001
2024-05-23,0.5633333333333332
2024-05-24,0.08333333333333333
2024-05-25,0.19666666666666668
2024-05-26,0.43
2024-05-27,0.5833333333333334
2024-05-28,0.49333333333333335
2024-05-29,0.42000000000000004
2024-05-30,0.27666666666666667
2024-05-31,0.3233333333333333
2024-06-01,0.35666666666666663
2024-06-02,0.9733333333333333
2024-06-03,2.92
2024-06-04,13.479999999999999
2024-06-05,7.36
2024-06-06,14.666666666666666
2024-06-07,8.27
2024-06-08,5.926666666666667
2024-06-09,18.37
2024-06-10,21.58
2024-06-11,18.08
2024-06-12,10.493333333333334
2024-06-13,11.423333333333334
2024-06-14,13.116666666666667
2024-06-15,6.8533333333333335
2024-06-16,8.556666666666667
2024-06-17,15.016666666666667
2024-06-18,9.9
2024-06-19,6.02
2024-06-20,9.606666666666666
2024-06-21,2.93
2024-06-22,4.8533333333333335
2024-06-23,23.733333333333334
2024-06-24,11.553333333333335
2024-06-25,6.8100000000000005
2024-06-26,11.75
2024-06-27,11.25
2024-06-28,12.096666666666666
2024-06-29,2.9533333333333336
2024-06-30,19.076666666666664
2024-07-01,5.8
2024-07-02,9.113333333333333
2024-07-03,3.5
2024-07-04,4.516666666666667
2024-07-05,8.15
2024-07-06,14.99
2024-07-07,15.593333333333334
2024-07-08,30.05666666666667
2024-07-09,15.69
2024-07-10,7.706666666666666
2024-07-11,17.15666666666667
2024-07-12,18.016666666666666
2024-07-13,27.796666666666667
2024-07-14,30.47666666666667
2024-07-15,23.1
2024-07-16,10.92
2024-07-17,15.943333333333333
2024-07-18,17.790000000000003
2024-07-19,13.416666666666666
2024-07-20,16.24
2024-07-21,18.16
2024-07-22,30.60666666666667
2024-07-23,28.923333333333336
2024-07-24,40.63333333333333
2024-07-25,50.49666666666667
2024-07-26,12.513333333333332
2024-07-27,11.543333333333333
2024-07-28,24.6
2024-07-29,13.81
2024-07-30,13.493333333333334
2024-07-31,15.55
2024-08-01,11.71
2024-08-02,13.236666666666668
2024-08-03,16.73
2024-08-04,28.790000000000003
2024-08-05,8.896666666666667
2024-08-06,6.84
2024-08-07,6.263333333333334
2024-08-08,2.8833333333333333
2024-08-09,14.203333333333335
2024-08-10,5.173333333333333
2024-08-11,4.496666666666667
2024-08-12,4.616666666666666
2024-08-13,1.6166666666666667
2024-08-14,1.3433333333333333
2024-08-15,2.246666666666667
2024-08-16,4.493333333333334
2024-08-17,9.35
2024-08-18,9.620000000000001
2024-08-19,16.853333333333335
2024-08-20,12.08
2024-08-21,9.096666666666666
2024-08-22,16.79
2024-08-23,21.236666666666668
2024-08-24,35.730000000000004
2024-08-25,23.066666666666666
2024-08-26,12.136666666666667
2024-08-27,9.266666666666667
2024-08-28,6.323333333333334
2024-08-29,3.3
2024-08-30,2.606666666666667
2024-08-31,4.053333333333333
2024-09-01,16.593333333333334
2024-09-02,40.873333333333335
2024-09-03,15.419999999999998
2024-09-04,6.319999999999999
2024-09-05,18.470000000000002
2024-09-06,11.67
2024-09-07,8.46
2024-09-08,2.8766666666666665
2024-09-09,6.133333333333334
2024-09-10,6.263333333333334
2024-09-11,2.6933333333333334
2024-09-12,3.5
2024-09-13,1.9933333333333332
2024-09-14,1.9866666666666668
2024-09-15,3.013333333333333
2024-09-16,1.9100000000000001
2024-09-17,0.67
2024-09-18,0.36666666666666664
2024-09-19,1.4533333333333334
2024-09-20,3.1366666666666663
2024-09-21,3.3800000000000003
2024-09-22,7.636666666666667
2024-09-23,16.39
2024-09-24,15.35
2024-09-25,25.483333333333334
2024-09-26,15.736666666666668
2024-09-27,12.636666666666665
2024-09-28,7.576666666666666
2024-09-29,2.07
2024-09-30,0.6733333333333333
2024-10-01,0.55
2024-10-02,4.366666666666666
2024-10-03,0.9333333333333333
2024-10-04,0.9866666666666667
2024-10-05,0.64
2024-10-06,0.9233333333333333
2024-10-07,0.07333333333333333
2024-10-08,0.5033333333333333
2024-10-09,8.976666666666667
2024-10-10,5.069999999999999
2024-10-11,13.546666666666665
2024-10-12,10.006666666666666
2024-10-13,10.273333333333333
2024-10-14,5.216666666666667
2024-10-15,3.1766666666666667
2024-10-16,3.4133333333333336
2024-10-17,3.08
2024-10-18,9.206666666666667
2024-10-19,13.360000000000001
2024-10-20,8.216666666666667
2024-10-21,9.96
2024-10-22,2.636666666666667
2024-10-23,0.6666666666666666
2024-10-24,0.026666666666666665
2024-10-25,0.0
2024-10-26,0.0
2024-10-27,0.0
2024-10-28,0.0
2024-10-29,0.02333333333333333
2024-10-30,0.21
2024-10-31,0.5066666666666667
2024-11-01,0.28
2024-11-02,0.0
2024-11-03,0.0
2024-11-04,0.0
2024-11-05,0.0
2024-11-06,0.0
2024-11-07,0.0
2024-11-08,0.0
2024-11-09,0.0
2024-11-10,0.0
2024-11-11,0.0
2024-11-12,0.0
2024-11-13,0.0
2024-11-14,0.0
2024-11-15,0.21666666666666667
2024-11-16,0.08333333333333333
2024-11-17,0.0
2024-11-18,0.0
2024-11-19,0.0
2024-11-20,0.0
2024-11-21,0.0
2024-11-22,0.0
2024-11-23,0.0
2024-11-24,0.0
2024-11-25,0.0
2024-11-26,0.0
2024-11-27,0.0
2024-11-28,0.0
2024-11-29,0.0
2024-11-30,0.0
2024-12-01,0.0
2024-12-02,0.24666666666666667
2024-12-03,1.2066666666666668
2024-12-04,0.83
2024-12-05,0.9266666666666666
2024-12-06,1.3299999999999998
2024-12-07,0.16666666666666666
2024-12-08,0.05333333333333334
2024-12-09,0.0
2024-12-10,0.0
2024-12-11,0.0
2024-12-12,0.0
2024-12-13,0.0
2024-12-14,0.0
2024-12-15,0.0
2024-12-16,0.0
2024-12-17,0.0
2024-12-18,0.0
2024-12-19,0.0
2024-12-20,0.0
2024-12-21,0.006666666666666667
2024-12-22,0.07666666666666667
2024-12-23,0.4566666666666667
2024-12-24,0.37
2024-12-25,0.043333333333333335
2024-12-26,0.32
2024-12-27,2.1166666666666667
2024-12-28,2.39
2024-12-29,0.39666666666666667
2024-12-30,0.013333333333333334
2024-12-31,0.0
2025-01-01,0.0
2025-01-02,0.0
2025-01-03,0.0
2025-01-04,0.0
2025-01-05,0.01
2025-01-06,0.0
2025-01-07,0.0
2025-01-08,0.0
2025-01-09,0.0
2025-01-10,0.0
2025-01-11,0.006666666666666667
2025-01-12,0.09000000000000001
2025-01-13,0.03333333333333333
2025-01-14,0.0
2025-01-15,0.016666666666666666
2025-01-16,0.03333333333333333
2025-01-17,0.0
2025-01-18,0.0
2025-01-19,0.0
2025-01-20,0.0
2025-01-21,0.0
2025-01-22,0.0
2025-01-23,0.0
2025-01-24,0.0
2025-01-25,0.0
2025-01-26,0.0
2025-01-27,0.0
2025-01-28,0.0
2025-01-29,0.0
2025-01-30,0.0
2025-01-31,0.0
2025-02-01,0.0
2025-02-02,0.0
2025-02-03,0.0
2025-02-04,0.0
2025-02-05,0.0
2025-02-06,0.0
2025-02-07,0.0
2025-02-08,0.0
2025-02-09,0.0
2025-02-10,0.0
2025-02-11,0.0
2025-02-12,0.0
2025-02-13,0.0
2025-02-14,0.0
2025-02-15,0.0
2025-02-16,0.0
2025-02-17,0.0
2025-02-18,0.0
2025-02-19,0.0
2025-02-20,0.0
2025-02-21,0.0
2025-02-22,0.0
2025-02-23,0.0
2025-02-24,0.0
2025-02-25,0.0
2025-02-26,0.0
2025-02-27,0.0
2025-02-28,0.0
2025-03-01,0.0
2025-03-02,0.0
2025-03-03,0.0
2025-03-04,0.0
2025-03-05,0.0
2025-03-06,0.0
2025-03-07,0.0
2025-03-08,0.0
2025-03-09,0.0
2025-03-10,0.0
2025-03-11,0.0
2025-03-12,0.0
2025-03-13,0.0
2025-03-14,0.0
2025-03-15,0.0
2025-03-16,0.0
2025-03-17,0.0
2025-03-18,0.0
2025-03-19,0.0
2025-03-20,0.006666666666666667
2025-03-21,0.0
2025-03-22,0.0
2025-03-23,0.0
2025-03-24,0.0
2025-03-25,0.0
2025-03-26,0.0033333333333333335
2025-03-27,0.0
2025-03-28,0.0
2025-03-29,0.0
2025-03-30,0.0
2025-03-31,0.006666666666666667
2025-04-01,0.7233333333333333
2025-04-02,0.9433333333333334
2025-04-03,1.6133333333333333
2025-04-04,0.060000000000000005
2025-04-05,0.0
2025-04-06,0.0
2025-04-07,0.0
2025-04-08,0.0
2025-04-09,0.0
2025-04-10,0.030000000000000002
2025-04-11,0.01
2025-04-12,0.02
2025-04-13,0.0
2025-04-14,0.0
2025-04-15,0.0
2025-04-16,0.0
2025-04-17,0.0
2025-04-18,0.0
2025-04-19,0.0
2025-04-20,0.0
2025-04-21,0.0
2025-04-22,0.0
2025-04-23,0.0
2025-04-24,0.0
2025-04-25,0.0
2025-04-26,0.09333333333333332
2025-04-27,0.0033333333333333335
2025-04-28,0.0
2025-04-29,0.0
2025-04-30,0.0
2025-05-01,0.0
2025-05-02,0.0
2025-05-03,0.0
2025-05-04,0.010000000000000002
2025-05-05,0.5833333333333334
2025-05-06,0.65
2025-05-07,0.41333333333333333
2025-05-08,1.5399999999999998
2025-05-09,1.16
2025-05-10,0.24333333333333332
2025-05-11,2.4099999999999997
2025-05-12,3.533333333333333
2025-05-13,4.430000000000001
2025-05-14,2.8866666666666663
2025-05-15,3.1866666666666665
2025-05-16,6.92
2025-05-17,3.06
2025-05-18,6.156666666666666
2025-05-19,7.846666666666667
2025-05-20,13.883333333333333
2025-05-21,8.066666666666666
2025-05-22,12.343333333333334
2025-05-23,11.59
2025-05-24,16.18
2025-05-25,26.746666666666666
2025-05-26,29.54
2025-05-27,11.246666666666666
2025-05-28,10.023333333333333
2025-05-29,1.6833333333333333
2025-05-30,0.8966666666666666
2025-05-31,0.9866666666666667
2025-06-01,1.7466666666666668
2025-06-02,1.07
2025-06-03,1.2766666666666666
2025-06-04,2.9766666666666666
2025-06-05,3.283333333333333
2025-06-06,1.0466666666666666
2025-06-07,3.6
2025-06-08,0.9400000000000001
2025-06-09,1.6900000000000002
2025-06-10,0.8266666666666667
2025-06-11,3.3633333333333337
2025-06-12,8.37
2025-06-13,10.263333333333332
2025-06-14,17.89333333333333
2025-06-15,4.943333333333333
2025-06-16,21.413333333333334
2025-06-17,4.1866666666666665
2025-06-18,16.256666666666668
2025-06-19,22.436666666666667
2025-06-20,3.396666666666667
2025-06-21,3.9133333333333336
2025-06-22,3.9166666666666665
2025-06-23,9.356666666666666
2025-06-24,10.693333333333333
2025-06-25,12.636666666666667
2025-06-26,17.063333333333333
2025-06-27,5.7
2025-06-28,5.239999999999999
2025-06-29,6.77
2025-06-30,9.133333333333333
2025-07-01,10.683333333333334
2025-07-02,12.79
2025-07-03,6.78
2025-07-04,6.65
2025-07-05,14.783333333333333
2025-07-06,13.323333333333332
2025-07-07,14.13
2025-07-08,8.073333333333332
2025-07-09,7.506666666666666
2025-07-10,1.3900000000000001
2025-07-11,3.7666666666666666
2025-07-12,2.3466666666666667
2025-07-13,3.9
2025-07-14,14.253333333333334
2025-07-15,12.146666666666667
2025-07-16,2.17
2025-07-17,4.19
2025-07-18,2.4099999999999997
2025-07-19,2.2066666666666666
2025-07-20,3.3466666666666667
2025-07-21,12.05
2025-07-22,12.153333333333334
2025-07-23,11.21
2025-07-24,8.870000000000001
2025-07-25,29.803333333333335
2025-07-26,31.753333333333334
2025-07-27,15.786666666666667
2025-07-28,6.696666666666667
2025-07-29,9.813333333333334
2025-07-30,4.5600000000000005
2025-07-31,3.5266666666666664
2025-08-01,2.6733333333333333
2025-08-02,2.9699999999999998
2025-08-03,1.6900000000000002
2025-08-04,1.3466666666666667
2025-08-05,2.4133333333333336
2025-08-06,4.256666666666667
2025-08-07,7.1066666666666665
2025-08-08,5.576666666666667
2025-08-09,6.316666666666666
2025-08-10,4.453333333333333
2025-08-11,5.693333333333333
2025-08-12,5.9
2025-08-13,6.206666666666666
2025-08-14,15.0
2025-08-15,16.37666666666667
2025-08-16,17.603333333333335
2025-08-17,18.56
2025-08-18,31.759999999999998
2025-08-19,29.12
2025-08-20,20.526666666666664
2025-08-21,8.293333333333333
2025-08-22,5.156666666666667
2025-08-23,6.3
2025-08-24,4.75
2025-08-25,9.716666666666667
2025-08-26,16.723333333333333
2025-08-27,13.803333333333335
2025-08-28,17.37
2025-08-29,19.23
2025-08-30,5.776666666666667
2025-08-31,9.163333333333334
2025-09-01,13.863333333333333
2025-09-02,4.1466666666666665
2025-09-03,4.703333333333333
2025-09-04,7.543333333333333
2025-09-05,11.203333333333335
2025-09-06,10.936666666666667
2025-09-07,5.916666666666667
2025-09-08,1.88
2025-09-09,0.7100000000000001
2025-09-10,1.5799999999999998
2025-09-11,1.5433333333333332
2025-09-12,4.5
2025-09-13,18.686666666666667
2025-09-14,25.283333333333335
2025-09-15,26.209999999999997
2025-09-16,14.94
2025-09-17,12.283333333333333
2025-09-18,18.346666666666668
2025-09-19,16.726666666666667
2025-09-20,7.6433333333333335
2025-09-21,10.413333333333332
2025-09-22,19.953333333333333
2025-09-23,12.026666666666667
2025-09-24,1.2766666666666668
2025-09-25,0.8333333333333334
2025-09-26,12.953333333333335
2025-09-27,34.36333333333334
2025-09-28,43.06666666666667
2025-09-29,3.94
2025-09-30,3.06
2025-10-01,1.3266666666666667
2025-10-02,0.87
2025-10-03,1.9666666666666666
2025-10-04,3.4233333333333333
2025-10-05,4.45
2025-10-06,1.6099999999999999
2025-10-07,1.54
2025-10-08,0.5333333333333333
2025-10-09,0.05
2025-10-10,0.0033333333333333335
2025-10-11,0.02666666666666667
2025-10-12,0.0
2025-10-13,0.0
2025-10-14,0.04666666666666666
2025-10-15,1.8633333333333333
2025-10-16,1.3900000000000001
2025-10-17,0.05
2025-10-18,0.18000000000000002
2025-10-19,0.27666666666666667
2025-10-20,0.1
2025-10-21,2.9366666666666665
2025-10-22,2.98
2025-10-23,1.8466666666666667
2025-10-24,9.16
2025-10-25,12.703333333333335
2025-10-26,12.783333333333333
2025-10-27,11.09
2025-10-28,5.180000000000001
2025-10-29,9.953333333333335
2025-10-30,4.9399999999999995
2025-10-31,1.89
2025-11-01,4.556666666666667
2025-11-02,2.6866666666666665
2025-11-03,1.3166666666666667
2025-11-04,0.5633333333333332
2025-11-05,0.26333333333333336
2025-11-06,0.09000000000000001
2025-11-07,0.0
2025-11-08,0.0
2025-11-09,0.0
2025-11-10,0.0
2025-11-11,0.0
2025-11-12,0.0
2025-11-13,0.0
2025-11-14,0.0
2025-11-15,0.0
2025-11-16,0.0
2025-11-17,0.0
2025-11-18,0.0
2025-11-19,0.0
2025-11-20,0.0
2025-11-21,0.0
2025-11-22,0.0
2025-11-23,0.020000000000000004
2025-11-24,0.0
2025-11-25,0.0
2025-11-26,0.0033333333333333335
2025-11-27,0.0
2025-11-28,0.0
2025-11-29,0.0
2025-11-30,0.0
2025-12-01,0.0
2025-12-02,0.0
2025-12-03,0.0
2025-12-04,0.0
2025-12-05,0.0
2025-12-06,0.0
2025-12-07,0.0
2025-12-08,0.0
2025-12-09,0.0
2025-12-10,0.0
2025-12-11,0.0
2025-12-12,0.0
2025-12-13,0.0
2025-12-14,0.0
2025-12-15,0.0
2025-12-16,0.0
2025-12-17,0.0
2025-12-18,0.0
2025-12-19,0.0
2025-12-20,0.0
2025-12-21,0.0
2025-12-22,0.0
2025-12-23,0.0
2025-12-24,0.0
2025-12-25,0.0
2025-12-26,0.0
2025-12-27,0.0
2025-12-28,0.0
2025-12-29,0.0
2025-12-30,0.0
2025-12-31,0.0
