Date,avg_rainfall,Inflow (m3/day)
2016-01-01,0.0,0.0
2016-01-02,0.0,0.0
2016-01-03,0.0,0.0
2016-01-04,0.0,0.0
2016-01-05,0.0,0.0
2016-01-06,0.0,0.0
2016-01-07,0.0,0.0
2016-01-08,0.0,0.0
2016-01-09,0.0,0.0
2016-01-10,0.0,0.0
2016-01-11,0.0,0.0
2016-01-12,0.0,0.0
2016-01-13,0.0,0.0
2016-01-14,0.0,0.0
2016-01-15,0.0,0.0
2016-01-16,0.03,261000.0
2016-01-17,0.03,290000.0
2016-01-18,0.0,0.0
2016-01-19,0.0,0.0
2016-01-20,0.0,0.0
2016-01-21,0.0,0.0
2016-01-22,0.0,0.0
2016-01-23,0.0,0.0
2016-01-24,0.0,0.0
2016-01-25,0.0,0.0
2016-01-26,0.0,0.0
2016-01-27,0.0,0.0
2016-01-28,0.0,0.0
2016-01-29,0.0,0.0
2016-01-30,0.0,0.0
2016-01-31,0.0,0.0
2016-02-01,0.0,0.0
2016-02-02,0.0,0.0
2016-02-03,0.0,0.0
2016-02-04,0.0,0.0
2016-02-05,0.0,0.0
2016-02-06,0.0,0.0
2016-02-07,0.0,0.0
2016-02-08,0.0,0.0
2016-02-09,0.0,0.0
2016-02-10,0.0,0.0
2016-02-11,0.0,0.0
2016-02-12,0.0,0.0
2016-02-13,0.0,0.0
2016-02-14,0.0,0.0
2016-02-15,0.0,0.0
2016-02-16,0.0,0.0
2016-02-17,0.0,0.0
2016-02-18,0.0,0.0
2016-02-19,0.0,0.0
2016-02-20,0.0,0.0
2016-02-21,0.06,522000.0
2016-02-22,0.0,0.0
2016-02-23,0.0,0.0
2016-02-24,0.0,0.0
2016-02-25,0.0,0.0
2016-02-26,0.0,0.0
2016-02-27,0.15,1334000.0
2016-02-28,1.64,14297000.0
2016-02-29,2.36,20561000.0
2016-03-01,1.69,14703000.0
2016-03-02,2.32,20155000.0
2016-03-03,0.61,5278000.0
2016-03-04,0.47,4118000.0
2016-03-05,0.11,957000.0
2016-03-06,0.14,1218000.0
2016-03-07,0.01,58000.0
2016-03-08,0.0,0.0
2016-03-09,0.0,0.0
2016-03-10,0.0,0.0
2016-03-11,0.05,464000.0
2016-03-12,0.11,957000.0
2016-03-13,0.01,87000.0
2016-03-14,0.0,0.0
2016-03-15,0.0,0.0
2016-03-16,0.0,0.0
2016-03-17,0.0,0.0
2016-03-18,0.0,0.0
2016-03-19,0.0,0.0
2016-03-20,0.0,0.0
2016-03-21,0.0,0.0
2016-03-22,0.0,0.0
2016-03-23,0.0,0.0
2016-03-24,0.0,0.0
2016-03-25,0.03,232000.0
2016-03-26,0.34,2987000.0
2016-03-27,1.08,9425000.0
2016-03-28,0.0,0.0
2016-03-29,0.0,0.0
2016-03-30,0.0,0.0
2016-03-31,0.0,0.0
2016-04-01,0.0,0.0
2016-04-02,0.0,0.0
2016-04-03,0.02,145000.0
2016-04-04,0.39,3364000.0
2016-04-05,1.07,9280000.0
2016-04-06,1.11,9657000.0
2016-04-07,0.39,3422000.0
2016-04-08,0.0,0.0
2016-04-09,0.03,232000.0
2016-04-10,0.0,0.0
2016-04-11,0.0,0.0
2016-04-12,0.0,0.0
2016-04-13,0.0,0.0
2016-04-14,0.0,0.0
2016-04-15,0.0,0.0
2016-04-16,0.01,58000.0
2016-04-17,0.0,0.0
2016-04-18,0.03,261000.0
2016-04-19,0.03,261000.0
2016-04-20,0.06,493000.0
2016-04-21,0.0,0.0
2016-04-22,0.0,0.0
2016-04-23,0.0,0.0
2016-04-24,0.0,0.0
2016-04-25,0.0,0.0
2016-04-26,0.0,0.0
2016-04-27,0.06,493000.0
2016-04-28,0.09,754000.0
2016-04-29,0.13,1102000.0
2016-04-30,0.28,2465000.0
2016-05-01,0.01,116000.0
2016-05-02,0.0,0.0
2016-05-03,0.15,1334000.0
2016-05-04,0.21,1798000.0
2016-05-05,0.49,4263000.0
2016-05-06,0.2,1740000.0
2016-05-07,0.06,522000.0
2016-05-08,1.13,9831000.0
2016-05-09,1.51,13166000.0
2016-05-10,1.6,13891000.0
2016-05-11,1.15,9976000.0
2016-05-12,0.2,1711000.0
2016-05-13,0.13,1131000.0
2016-05-14,0.06,493000.0
2016-05-15,0.11,957000.0
2016-05-16,0.0,0.0
2016-05-17,0.0,0.0
2016-05-18,0.11,928000.0
2016-05-19,0.06,551000.0
2016-05-20,0.14,1218000.0
2016-05-21,0.16,1363000.0
2016-05-22,0.09,812000.0
2016-05-23,0.31,2668000.0
2016-05-24,0.22,1914000.0
2016-05-25,0.5,4379000.0
2016-05-26,0.45,3944000.0
2016-05-27,0.17,1450000.0
2016-05-28,0.24,2117000.0
2016-05-29,0.5,4321000.0
2016-05-30,0.22,1914000.0
2016-05-31,0.05,464000.0
2016-06-01,0.26,2262000.0
2016-06-02,0.24,2117000.0
2016-06-03,1.01,8816000.0
2016-06-04,2.09,18154000.0
2016-06-05,1.24,10817000.0
2016-06-06,0.48,4176000.0
2016-06-07,1.19,10353000.0
2016-06-08,1.28,11136000.0
2016-06-09,0.61,5307000.0
2016-06-10,0.46,4002000.0
2016-06-11,1.7,14819000.0
2016-06-12,1.89,16443000.0
2016-06-13,0.83,7250000.0
2016-06-14,1.16,10092000.0
2016-06-15,1.93,16762000.0
2016-06-16,0.95,8265000.0
2016-06-17,0.94,8178000.0
2016-06-18,2.63,22881000.0
2016-06-19,18.06,157122000.0
2016-06-20,14.06,122351000.0
2016-06-21,19.35,168316000.0
2016-06-22,5.95,51794000.0
2016-06-23,3.78,32915000.0
2016-06-24,6.91,60146000.0
2016-06-25,21.2,184411000.0
2016-06-26,5.04,43848000.0
2016-06-27,7.96,69223000.0
2016-06-28,9.51,82737000.0
2016-06-29,15.58,135575000.0
2016-06-30,9.99,86942000.0
2016-07-01,6.7,58290000.0
2016-07-02,10.64,92539000.0
2016-07-03,12.14,105618000.0
2016-07-04,13.85,120466000.0
2016-07-05,11.97,104168000.0
2016-07-06,2.82,24534000.0
2016-07-07,1.96,17052000.0
2016-07-08,6.83,59450000.0
2016-07-09,28.47,247660000.0
2016-07-10,32.15,279705000.0
2016-07-11,33.19,288724000.0
2016-07-12,15.11,131457000.0
2016-07-13,4.09,35583000.0
2016-07-14,2.12,18444000.0
2016-07-15,1.94,16907000.0
2016-07-16,2.32,20213000.0
2016-07-17,3.36,29261000.0
2016-07-18,6.09,52954000.0
2016-07-19,9.38,81577000.0
2016-07-20,10.15,88334000.0
2016-07-21,6.27,54520000.0
2016-07-22,10.35,90045000.0
2016-07-23,6.66,57913000.0
2016-07-24,2.8,24360000.0
2016-07-25,7.1,61741000.0
2016-07-26,11.12,96744000.0
2016-07-27,8.27,71920000.0
2016-07-28,8.16,70992000.0
2016-07-29,8.92,77575000.0
2016-07-30,7.1,61770000.0
2016-07-31,18.92,164575000.0
2016-08-01,21.81,189747000.0
2016-08-02,85.85,746924000.0
2016-08-03,25.22,219443000.0
2016-08-04,8.4,73080000.0
2016-08-05,14.2,123540000.0
2016-08-06,10.06,87522000.0
2016-08-07,6.23,54172000.0
2016-08-08,5.98,52026000.0
2016-08-09,5.34,46429000.0
2016-08-10,5.4,46951000.0
2016-08-11,3.47,30160000.0
2016-08-12,2.19,19082000.0
2016-08-13,2.88,25027000.0
2016-08-14,2.43,21141000.0
2016-08-15,2.6,22620000.0
2016-08-16,2.06,17951000.0
2016-08-17,1.99,17342000.0
2016-08-18,1.76,15341000.0
2016-08-19,1.74,15167000.0
2016-08-20,1.59,13833000.0
2016-08-21,3.2,27811000.0
2016-08-22,2.04,17748000.0
2016-08-23,4.66,40542000.0
2016-08-24,2.94,25607000.0
2016-08-25,0.66,5713000.0
2016-08-26,2.56,22272000.0
2016-08-27,3.38,29435000.0
2016-08-28,7.09,61712000.0
2016-08-29,4.78,41586000.0
2016-08-30,3.21,27927000.0
2016-08-31,5.03,43761000.0
2016-09-01,10.94,95149000.0
2016-09-02,2.22,19285000.0
2016-09-03,1.3,11339000.0
2016-09-04,0.15,1334000.0
2016-09-05,0.45,3915000.0
2016-09-06,0.86,7453000.0
2016-09-07,1.31,11426000.0
2016-09-08,0.77,6728000.0
2016-09-09,0.61,5307000.0
2016-09-10,0.54,4669000.0
2016-09-11,0.56,4901000.0
2016-09-12,0.33,2900000.0
2016-09-13,2.06,17951000.0
2016-09-14,6.49,56492000.0
2016-09-15,24.34,211758000.0
2016-09-16,40.9,355830000.0
2016-09-17,38.68,336516000.0
2016-09-18,16.08,139896000.0
2016-09-19,8.79,76444000.0
2016-09-20,13.82,120205000.0
2016-09-21,16.16,140563000.0
2016-09-22,15.11,131428000.0
2016-09-23,15.52,135053000.0
2016-09-24,20.07,174638000.0
2016-09-25,7.05,61306000.0
2016-09-26,3.89,33843000.0
2016-09-27,1.63,14152000.0
2016-09-28,0.86,7482000.0
2016-09-29,0.93,8091000.0
2016-09-30,2.58,22475000.0
2016-10-01,50.71,441148000.0
2016-10-02,14.42,125454000.0
2016-10-03,8.74,76067000.0
2016-10-04,5.17,45008000.0
2016-10-05,2.08,18067000.0
2016-10-06,0.58,5046000.0
2016-10-07,0.74,6409000.0
2016-10-08,1.88,16356000.0
2016-10-09,0.7,6119000.0
2016-10-10,0.59,5104000.0
2016-10-11,0.16,1363000.0
2016-10-12,0.05,435000.0
2016-10-13,0.14,1218000.0
2016-10-14,0.21,1798000.0
2016-10-15,0.07,609000.0
2016-10-16,0.0,29000.0
2016-10-17,0.0,0.0
2016-10-18,0.0,0.0
2016-10-19,0.0,0.0
2016-10-20,0.0,0.0
2016-10-21,0.0,0.0
2016-10-22,0.0,0.0
2016-10-23,0.0,0.0
2016-10-24,0.0,0.0
2016-10-25,0.0,0.0
2016-10-26,0.0,0.0
2016-10-27,0.0,0.0
2016-10-28,0.0,0.0
2016-10-29,0.0,0.0
2016-10-30,0.0,29000.0
2016-10-31,0.0,0.0
2016-11-01,0.0,0.0
2016-11-02,0.0,0.0
2016-11-03,0.0,0.0
2016-11-04,0.0,0.0
2016-11-05,0.0,0.0
2016-11-06,0.0,0.0
2016-11-07,0.0,0.0
2016-11-08,0.0,0.0
2016-11-09,0.0,0.0
2016-11-10,0.0,0.0
2016-11-11,0.0,0.0
2016-11-12,0.0,0.0
2016-11-13,0.0,0.0
2016-11-14,0.0,0.0
2016-11-15,0.03,290000.0
2016-11-16,0.0,0.0
2016-11-17,0.0,0.0
2016-11-18,0.0,0.0
2016-11-19,0.0,0.0
2016-11-20,0.0,0.0
2016-11-21,0.0,0.0
2016-11-22,0.0,0.0
2016-11-23,0.0,0.0
2016-11-24,0.0,0.0
2016-11-25,0.0,0.0
2016-11-26,0.0,0.0
2016-11-27,0.0,0.0
2016-11-28,0.0,0.0
2016-11-29,0.0,0.0
2016-11-30,0.0,0.0
2016-12-01,0.0,0.0
2016-12-02,0.0,0.0
2016-12-03,0.0,0.0
2016-12-04,0.0,0.0
2016-12-05,0.0,0.0
2016-12-06,0.0,0.0
2016-12-07,0.0,0.0
2016-12-08,0.0,0.0
2016-12-09,0.0,0.0
2016-12-10,0.0,0.0
2016-12-11,0.0,0.0
2016-12-12,0.0,0.0
2016-12-13,0.0,0.0
2016-12-14,0.15,1305000.0
2016-12-15,0.0,0.0
2016-12-16,0.0,0.0
2016-12-17,0.0,0.0
2016-12-18,0.0,0.0
2016-12-19,0.0,0.0
2016-12-20,0.0,0.0
2016-12-21,0.0,0.0
2016-12-22,0.0,0.0
2016-12-23,0.0,0.0
2016-12-24,0.0,0.0
2016-12-25,0.0,0.0
2016-12-26,0.0,0.0
2016-12-27,0.0,0.0
2016-12-28,0.0,0.0
2016-12-29,0.0,0.0
2016-12-30,0.0,0.0
2016-12-31,0.0,0.0
2017-01-01,0.0,0.0
2017-01-02,0.0,0.0
2017-01-03,0.0,0.0
2017-01-04,0.0,0.0
2017-01-05,0.0,0.0
2017-01-06,0.0,0.0
2017-01-07,0.0,0.0
2017-01-08,0.0,0.0
2017-01-09,0.0,0.0
2017-01-10,0.0,0.0
2017-01-11,0.0,0.0
2017-01-12,0.0,0.0
2017-01-13,0.0,0.0
2017-01-14,0.05,435000.0
2017-01-15,0.0,0.0
2017-01-16,0.0,0.0
2017-01-17,0.0,0.0
2017-01-18,0.02,174000.0
2017-01-19,0.0,0.0
2017-01-20,0.0,0.0
2017-01-21,0.0,0.0
2017-01-22,0.0,0.0
2017-01-23,0.0,0.0
2017-01-24,0.0,0.0
2017-01-25,0.0,0.0
2017-01-26,0.1,899000.0
2017-01-27,0.01,58000.0
2017-01-28,0.0,0.0
2017-01-29,0.0,0.0
2017-01-30,0.0,0.0
2017-01-31,0.0,0.0
2017-02-01,0.0,0.0
2017-02-02,0.0,0.0
2017-02-03,0.0,0.0
2017-02-04,0.0,0.0
2017-02-05,0.0,29000.0
2017-02-06,0.0,0.0
2017-02-07,0.0,0.0
2017-02-08,0.0,0.0
2017-02-09,0.0,0.0
2017-02-10,0.0,29000.0
2017-02-11,0.03,290000.0
2017-02-12,0.0,0.0
2017-02-13,0.0,0.0
2017-02-14,0.0,0.0
2017-02-15,0.0,0.0
2017-02-16,0.0,0.0
2017-02-17,0.0,0.0
2017-02-18,0.0,0.0
2017-02-19,0.0,0.0
2017-02-20,0.0,0.0
2017-02-21,0.0,0.0
2017-02-22,0.0,0.0
2017-02-23,0.0,0.0
2017-02-24,0.0,0.0
2017-02-25,0.0,0.0
2017-02-26,0.0,0.0
2017-02-27,0.0,0.0
2017-02-28,0.0,0.0
2017-03-01,0.0,0.0
2017-03-02,0.0,0.0
2017-03-03,0.0,0.0
2017-03-04,0.0,0.0
2017-03-05,0.0,0.0
2017-03-06,0.0,0.0
2017-03-07,0.0,0.0
2017-03-08,0.0,0.0
2017-03-09,0.0,0.0
2017-03-10,0.07,638000.0
2017-03-11,0.19,1624000.0
2017-03-12,0.0,0.0
2017-03-13,0.0,0.0
2017-03-14,0.0,0.0
2017-03-15,0.92,8004000.0
2017-03-16,0.37,3248000.0
2017-03-17,0.0,29000.0
2017-03-18,0.0,0.0
2017-03-19,0.0,0.0
2017-03-20,0.0,0.0
2017-03-21,0.0,0.0
2017-03-22,0.0,0.0
2017-03-23,0.0,0.0
2017-03-24,0.0,0.0
2017-03-25,0.0,0.0
2017-03-26,0.0,0.0
2017-03-27,0.0,0.0
2017-03-28,0.0,0.0
2017-03-29,0.0,0.0
2017-03-30,0.05,435000.0
2017-03-31,0.0,0.0
2017-04-01,0.04,348000.0
2017-04-02,0.01,87000.0
2017-04-03,0.01,58000.0
2017-04-04,0.0,0.0
2017-04-05,0.0,0.0
2017-04-06,0.0,0.0
2017-04-07,0.01,87000.0
2017-04-08,0.0,0.0
2017-04-09,0.0,0.0
2017-04-10,0.0,0.0
2017-04-11,0.0,0.0
2017-04-12,0.0,0.0
2017-04-13,0.0,0.0
2017-04-14,0.0,0.0
2017-04-15,0.0,0.0
2017-04-16,0.04,348000.0
2017-04-17,0.0,0.0
2017-04-18,0.0,0.0
2017-04-19,0.0,0.0
2017-04-20,0.0,0.0
2017-04-21,0.01,58000.0
2017-04-22,0.0,0.0
2017-04-23,0.0,0.0
2017-04-24,0.01,87000.0
2017-04-25,0.0,29000.0
2017-04-26,0.02,174000.0
2017-04-27,0.05,406000.0
2017-04-28,0.04,377000.0
2017-04-29,0.18,1595000.0
2017-04-30,0.02,203000.0
2017-05-01,0.04,348000.0
2017-05-02,0.04,377000.0
2017-05-03,0.06,493000.0
2017-05-04,0.09,754000.0
2017-05-05,0.13,1131000.0
2017-05-06,0.39,3364000.0
2017-05-07,0.59,5162000.0
2017-05-08,0.22,1943000.0
2017-05-09,0.11,986000.0
2017-05-10,0.03,232000.0
2017-05-11,0.08,696000.0
2017-05-12,0.57,4930000.0
2017-05-13,1.09,9512000.0
2017-05-14,0.86,7482000.0
2017-05-15,0.23,2030000.0
2017-05-16,0.09,783000.0
2017-05-17,0.12,1044000.0
2017-05-18,0.02,174000.0
2017-05-19,0.16,1421000.0
2017-05-20,0.04,319000.0
2017-05-21,0.06,493000.0
2017-05-22,0.09,812000.0
2017-05-23,0.18,1566000.0
2017-05-24,0.04,377000.0
2017-05-25,0.11,928000.0
2017-05-26,0.16,1392000.0
2017-05-27,0.53,4640000.0
2017-05-28,0.58,5075000.0
2017-05-29,0.86,7453000.0
2017-05-30,2.97,25839000.0
2017-05-31,1.29,11223000.0
2017-06-01,10.51,91408000.0
2017-06-02,9.8,85260000.0
2017-06-03,11.36,98861000.0
2017-06-04,4.35,37816000.0
2017-06-05,2.18,18966000.0
2017-06-06,2.12,18444000.0
2017-06-07,6.18,53766000.0
2017-06-08,3.81,33147000.0
2017-06-09,8.61,74878000.0
2017-06-10,12.99,112984000.0
2017-06-11,21.64,188268000.0
2017-06-12,29.95,260594000.0
2017-06-13,9.7,84419000.0
2017-06-14,8.87,77140000.0
2017-06-15,18.2,158311000.0
2017-06-16,2.9,25230000.0
2017-06-17,2.09,18212000.0
2017-06-18,1.33,11571000.0
2017-06-19,1.39,12093000.0
2017-06-20,2.34,20329000.0
2017-06-21,1.69,14674000.0
2017-06-22,2.93,25520000.0
2017-06-23,3.75,32596000.0
2017-06-24,5.91,51417000.0
2017-06-25,13.17,114550000.0
2017-06-26,10.78,93815000.0
2017-06-27,10.32,89784000.0
2017-06-28,11.53,100282000.0
2017-06-29,9.1,79199000.0
2017-06-30,8.13,70702000.0
2017-07-01,15.11,131457000.0
2017-07-02,12.86,111911000.0
2017-07-03,5.88,51127000.0
2017-07-04,4.89,42514000.0
2017-07-05,4.15,36134000.0
2017-07-06,3.21,27898000.0
2017-07-07,2.92,25375000.0
2017-07-08,1.7,14819000.0
2017-07-09,1.36,11803000.0
2017-07-10,1.64,14239000.0
2017-07-11,3.64,31668000.0
2017-07-12,4.83,42021000.0
2017-07-13,7.08,61567000.0
2017-07-14,13.58,118117000.0
2017-07-15,11.81,102718000.0
2017-07-16,14.49,126063000.0
2017-07-17,26.49,230434000.0
2017-07-18,30.15,262305000.0
2017-07-19,12.16,105763000.0
2017-07-20,25.43,221270000.0
2017-07-21,20.42,177654000.0
2017-07-22,18.79,163473000.0
2017-07-23,13.85,120466000.0
2017-07-24,7.35,63916000.0
2017-07-25,6.23,54201000.0
2017-07-26,4.87,42398000.0
2017-07-27,13.04,113419000.0
2017-07-28,9.34,81258000.0
2017-07-29,5.96,51823000.0
2017-07-30,3.82,33234000.0
2017-07-31,3.17,27550000.0
2017-08-01,3.94,34307000.0
2017-08-02,3.2,27869000.0
2017-08-03,4.1,35641000.0
2017-08-04,3.54,30769000.0
2017-08-05,2.01,17487000.0
2017-08-06,1.92,16733000.0
2017-08-07,1.69,14674000.0
2017-08-08,1.52,13224000.0
2017-08-09,2.63,22852000.0
2017-08-10,3.03,26361000.0
2017-08-11,2.61,22736000.0
2017-08-12,3.28,28507000.0
2017-08-13,3.9,33959000.0
2017-08-14,6.9,60030000.0
2017-08-15,3.08,26825000.0
2017-08-16,2.04,17748000.0
2017-08-17,2.31,20126000.0
2017-08-18,3.36,29261000.0
2017-08-19,36.31,315897000.0
2017-08-20,86.62,753565000.0
2017-08-21,22.19,193024000.0
2017-08-22,2.95,25636000.0
2017-08-23,2.1,18299000.0
2017-08-24,3.38,29406000.0
2017-08-25,15.35,133545000.0
2017-08-26,10.99,95642000.0
2017-08-27,28.05,244006000.0
2017-08-28,39.54,344027000.0
2017-08-29,20.58,179075000.0
2017-08-30,10.62,92365000.0
2017-08-31,2.26,19662000.0
2017-09-01,1.18,10295000.0
2017-09-02,1.6,13920000.0
2017-09-03,3.64,31639000.0
2017-09-04,2.37,20590000.0
2017-09-05,0.65,5655000.0
2017-09-06,0.72,6235000.0
2017-09-07,3.45,30015000.0
2017-09-08,11.65,101355000.0
2017-09-09,7.05,61335000.0
2017-09-10,5.88,51127000.0
2017-09-11,3.95,34365000.0
2017-09-12,5.47,47589000.0
2017-09-13,5.79,50373000.0
2017-09-14,7.15,62205000.0
2017-09-15,10.09,87812000.0
2017-09-16,9.38,81577000.0
2017-09-17,10.22,88914000.0
2017-09-18,6.24,54259000.0
2017-09-19,22.58,196446000.0
2017-09-20,33.22,288985000.0
2017-09-21,20.22,175943000.0
2017-09-22,1.39,12093000.0
2017-09-23,2.28,19807000.0
2017-09-24,2.31,20097000.0
2017-09-25,0.77,6670000.0
2017-09-26,0.43,3770000.0
2017-09-27,2.65,23026000.0
2017-09-28,0.96,8352000.0
2017-09-29,3.82,33234000.0
2017-09-30,0.87,7569000.0
2017-10-01,0.49,4292000.0
2017-10-02,1.51,13166000.0
2017-10-03,0.1,899000.0
2017-10-04,0.0,0.0
2017-10-05,0.27,2378000.0
2017-10-06,10.15,88305000.0
2017-10-07,6.78,59015000.0
2017-10-08,14.49,126092000.0
2017-10-09,14.16,123163000.0
2017-10-10,21.06,183222000.0
2017-10-11,13.28,115507000.0
2017-10-12,6.07,52809000.0
2017-10-13,9.41,81896000.0
2017-10-14,10.37,90248000.0
2017-10-15,8.52,74124000.0
2017-10-16,0.91,7917000.0
2017-10-17,0.21,1827000.0
2017-10-18,0.01,87000.0
2017-10-19,0.0,0.0
2017-10-20,0.03,261000.0
2017-10-21,1.04,9019000.0
2017-10-22,0.53,4640000.0
2017-10-23,0.08,667000.0
2017-10-24,0.0,0.0
2017-10-25,0.0,0.0
2017-10-26,0.02,174000.0
2017-10-27,0.17,1508000.0
2017-10-28,0.04,319000.0
2017-10-29,0.0,29000.0
2017-10-30,0.0,0.0
2017-10-31,0.0,0.0
2017-11-01,0.0,0.0
2017-11-02,0.0,0.0
2017-11-03,0.0,0.0
2017-11-04,0.0,0.0
2017-11-05,0.0,0.0
2017-11-06,0.0,0.0
2017-11-07,0.0,0.0
2017-11-08,0.0,0.0
2017-11-09,0.0,0.0
2017-11-10,0.0,0.0
2017-11-11,0.0,0.0
2017-11-12,0.0,0.0
2017-11-13,0.0,0.0
2017-11-14,0.0,0.0
2017-11-15,0.0,0.0
2017-11-16,0.01,58000.0
2017-11-17,0.0,0.0
2017-11-18,0.01,87000.0
2017-11-19,0.02,203000.0
2017-11-20,1.48,12847000.0
2017-11-21,1.45,12615000.0
2017-11-22,1.49,12992000.0
2017-11-23,0.09,754000.0
2017-11-24,0.0,0.0
2017-11-25,0.0,0.0
2017-11-26,0.0,0.0
2017-11-27,0.0,0.0
2017-11-28,0.0,0.0
2017-11-29,0.0,0.0
2017-11-30,0.0,0.0
2017-12-01,0.0,0.0
2017-12-02,0.0,0.0
2017-12-03,0.0,0.0
2017-12-04,0.32,2813000.0
2017-12-05,2.03,17632000.0
2017-12-06,1.0,8700000.0
2017-12-07,0.63,5481000.0
2017-12-08,0.23,2001000.0
2017-12-09,0.04,319000.0
2017-12-10,0.02,174000.0
2017-12-11,0.06,522000.0
2017-12-12,0.0,0.0
2017-12-13,0.02,174000.0
2017-12-14,0.0,0.0
2017-12-15,0.0,0.0
2017-12-16,0.0,0.0
2017-12-17,0.0,0.0
2017-12-18,0.0,0.0
2017-12-19,0.0,0.0
2017-12-20,0.0,0.0
2017-12-21,0.0,0.0
2017-12-22,0.0,0.0
2017-12-23,0.0,0.0
2017-12-24,0.0,0.0
2017-12-25,0.0,0.0
2017-12-26,0.0,0.0
2017-12-27,0.0,0.0
2017-12-28,0.0,0.0
2017-12-29,0.0,0.0
2017-12-30,0.0,0.0
2017-12-31,0.0,0.0
2018-01-01,0.0,0.0
2018-01-02,0.0,0.0
2018-01-03,0.0,0.0
2018-01-04,0.0,0.0
2018-01-05,0.0,0.0
2018-01-06,0.0,0.0
2018-01-07,0.0,0.0
2018-01-08,0.0,0.0
2018-01-09,0.0,0.0
2018-01-10,0.0,0.0
2018-01-11,0.0,0.0
2018-01-12,0.01,116000.0
2018-01-13,0.02,174000.0
2018-01-14,0.0,0.0
2018-01-15,0.0,29000.0
2018-01-16,0.0,0.0
2018-01-17,0.0,0.0
2018-01-18,0.0,0.0
2018-01-19,0.0,0.0
2018-01-20,0.0,0.0
2018-01-21,0.0,0.0
2018-01-22,0.0,0.0
2018-01-23,0.0,0.0
2018-01-24,0.0,0.0
2018-01-25,0.0,0.0
2018-01-26,0.0,0.0
2018-01-27,0.0,0.0
2018-01-28,0.0,0.0
2018-01-29,0.0,0.0
2018-01-30,0.0,0.0
2018-01-31,0.0,0.0
2018-02-01,0.0,0.0
2018-02-02,0.0,0.0
2018-02-03,0.0,0.0
2018-02-04,0.0,0.0
2018-02-05,0.0,0.0
2018-02-06,0.0,29000.0
2018-02-07,0.16,1392000.0
2018-02-08,0.0,0.0
2018-02-09,0.0,0.0
2018-02-10,0.03,290000.0
2018-02-11,1.73,15051000.0
2018-02-12,0.4,3451000.0
2018-02-13,1.21,10556000.0
2018-02-14,0.12,1015000.0
2018-02-15,0.0,29000.0
2018-02-16,0.0,0.0
2018-02-17,0.0,0.0
2018-02-18,0.0,0.0
2018-02-19,0.0,0.0
2018-02-20,0.02,145000.0
2018-02-21,0.0,0.0
2018-02-22,0.02,174000.0
2018-02-23,0.0,29000.0
2018-02-24,0.02,174000.0
2018-02-25,0.0,0.0
2018-02-26,0.0,0.0
2018-02-27,0.01,58000.0
2018-02-28,0.02,203000.0
2018-03-01,0.0,0.0
2018-03-02,0.0,0.0
2018-03-03,0.0,0.0
2018-03-04,0.0,0.0
2018-03-05,0.0,0.0
2018-03-06,0.0,0.0
2018-03-07,0.0,0.0
2018-03-08,0.01,58000.0
2018-03-09,0.0,29000.0
2018-03-10,0.04,377000.0
2018-03-11,0.04,377000.0
2018-03-12,0.06,522000.0
2018-03-13,0.0,0.0
2018-03-14,0.0,0.0
2018-03-15,0.28,2465000.0
2018-03-16,1.52,13253000.0
2018-03-17,0.0,29000.0
2018-03-18,0.06,522000.0
2018-03-19,0.15,1305000.0
2018-03-20,0.02,174000.0
2018-03-21,0.0,0.0
2018-03-22,0.0,0.0
2018-03-23,0.0,0.0
2018-03-24,0.0,0.0
2018-03-25,0.0,0.0
2018-03-26,0.0,0.0
2018-03-27,0.0,0.0
2018-03-28,0.0,0.0
2018-03-29,0.0,0.0
2018-03-30,0.0,0.0
2018-03-31,0.0,0.0
2018-04-01,0.0,0.0
2018-04-02,0.0,0.0
2018-04-03,0.0,0.0
2018-04-04,0.0,0.0
2018-04-05,0.0,29000.0
2018-04-06,0.06,551000.0
2018-04-07,1.58,13746000.0
2018-04-08,0.72,6293000.0
2018-04-09,0.16,1392000.0
2018-04-10,0.29,2552000.0
2018-04-11,0.56,4901000.0
2018-04-12,0.0,0.0
2018-04-13,0.01,87000.0
2018-04-14,0.0,29000.0
2018-04-15,0.13,1160000.0
2018-04-16,0.04,348000.0
2018-04-17,0.86,7511000.0
2018-04-18,0.31,2726000.0
2018-04-19,0.0,0.0
2018-04-20,0.0,29000.0
2018-04-21,0.02,174000.0
2018-04-22,0.0,0.0
2018-04-23,0.0,0.0
2018-04-24,0.0,0.0
2018-04-25,0.0,0.0
2018-04-26,0.0,0.0
2018-04-27,0.0,0.0
2018-04-28,0.02,203000.0
2018-04-29,0.07,638000.0
2018-04-30,0.0,0.0
2018-05-01,0.0,29000.0
2018-05-02,0.0,29000.0
2018-05-03,0.01,58000.0
2018-05-04,0.01,116000.0
2018-05-05,0.02,174000.0
2018-05-06,0.02,203000.0
2018-05-07,0.0,29000.0
2018-05-08,0.0,0.0
2018-05-09,0.0,0.0
2018-05-10,0.08,725000.0
2018-05-11,0.17,1508000.0
2018-05-12,0.15,1334000.0
2018-05-13,0.28,2436000.0
2018-05-14,0.14,1189000.0
2018-05-15,0.12,1044000.0
2018-05-16,0.23,1972000.0
2018-05-17,0.35,3016000.0
2018-05-18,0.4,3480000.0
2018-05-19,0.07,580000.0
2018-05-20,0.1,841000.0
2018-05-21,0.14,1218000.0
2018-05-22,0.0,29000.0
2018-05-23,0.53,4582000.0
2018-05-24,0.45,3915000.0
2018-05-25,0.04,319000.0
2018-05-26,0.29,2523000.0
2018-05-27,0.67,5829000.0
2018-05-28,0.4,3509000.0
2018-05-29,0.99,8584000.0
2018-05-30,0.42,3683000.0
2018-05-31,1.18,10237000.0
2018-06-01,2.63,22852000.0
2018-06-02,4.44,38599000.0
2018-06-03,1.24,10817000.0
2018-06-04,2.88,25056000.0
2018-06-05,1.15,10034000.0
2018-06-06,9.06,78793000.0
2018-06-07,5.93,51620000.0
2018-06-08,7.92,68933000.0
2018-06-09,5.89,51214000.0
2018-06-10,4.82,41905000.0
2018-06-11,4.54,39527000.0
2018-06-12,2.06,17951000.0
2018-06-13,1.55,13514000.0
2018-06-14,1.57,13659000.0
2018-06-15,1.63,14181000.0
2018-06-16,1.8,15689000.0
2018-06-17,4.71,41006000.0
2018-06-18,13.82,120205000.0
2018-06-19,7.27,63278000.0
2018-06-20,6.43,55941000.0
2018-06-21,17.59,153033000.0
2018-06-22,24.78,215586000.0
2018-06-23,22.74,197809000.0
2018-06-24,12.4,107909000.0
2018-06-25,25.25,219646000.0
2018-06-26,9.71,84448000.0
2018-06-27,4.2,36540000.0
2018-06-28,4.31,37468000.0
2018-06-29,4.85,42195000.0
2018-06-30,2.72,23635000.0
2018-07-01,2.03,17632000.0
2018-07-02,6.58,57246000.0
2018-07-03,11.84,103037000.0
2018-07-04,13.29,115623000.0
2018-07-05,12.83,111650000.0
2018-07-06,6.06,52751000.0
2018-07-07,38.38,333877000.0
2018-07-08,25.86,225011000.0
2018-07-09,17.12,148944000.0
2018-07-10,20.49,178263000.0
2018-07-11,11.28,98136000.0
2018-07-12,15.53,135082000.0
2018-07-13,12.23,106401000.0
2018-07-14,12.47,108460000.0
2018-07-15,22.14,192618000.0
2018-07-16,33.05,287564000.0
2018-07-17,18.96,164923000.0
2018-07-18,8.08,70325000.0
2018-07-19,7.81,67947000.0
2018-07-20,11.51,100166000.0
2018-07-21,8.06,70093000.0
2018-07-22,11.29,98194000.0
2018-07-23,8.3,72181000.0
2018-07-24,5.6,48749000.0
2018-07-25,4.48,39005000.0
2018-07-26,3.58,31117000.0
2018-07-27,4.26,37062000.0
2018-07-28,2.56,22272000.0
2018-07-29,2.01,17516000.0
2018-07-30,2.77,24099000.0
2018-07-31,3.42,29754000.0
2018-08-01,4.65,40426000.0
2018-08-02,3.57,31030000.0
2018-08-03,4.08,35496000.0
2018-08-04,6.14,53389000.0
2018-08-05,4.13,35960000.0
2018-08-06,4.46,38802000.0
2018-08-07,2.81,24476000.0
2018-08-08,4.85,42195000.0
2018-08-09,5.22,45414000.0
2018-08-10,5.21,45298000.0
2018-08-11,8.08,70267000.0
2018-08-12,8.68,75516000.0
2018-08-13,8.27,71920000.0
2018-08-14,5.98,52026000.0
2018-08-15,7.72,67135000.0
2018-08-16,61.88,538356000.0
2018-08-17,63.63,553552000.0
2018-08-18,8.64,75168000.0
2018-08-19,7.56,65801000.0
2018-08-20,25.77,224228000.0
2018-08-21,25.01,217616000.0
2018-08-22,9.67,84158000.0
2018-08-23,5.96,51823000.0
2018-08-24,6.1,53041000.0
2018-08-25,8.27,71920000.0
2018-08-26,10.34,89987000.0
2018-08-27,7.5,65250000.0
2018-08-28,3.25,28304000.0
2018-08-29,2.8,24360000.0
2018-08-30,3.24,28217000.0
2018-08-31,3.47,30160000.0
2018-09-01,4.29,37294000.0
2018-09-02,8.73,75980000.0
2018-09-03,4.58,39817000.0
2018-09-04,4.16,36221000.0
2018-09-05,2.31,20126000.0
2018-09-06,1.7,14819000.0
2018-09-07,1.47,12818000.0
2018-09-08,1.37,11919000.0
2018-09-09,0.61,5336000.0
2018-09-10,0.79,6873000.0
2018-09-11,0.94,8149000.0
2018-09-12,0.94,8178000.0
2018-09-13,0.66,5742000.0
2018-09-14,1.42,12325000.0
2018-09-15,2.54,22127000.0
2018-09-16,2.77,24128000.0
2018-09-17,1.46,12673000.0
2018-09-18,1.36,11832000.0
2018-09-19,2.58,22475000.0
2018-09-20,3.04,26419000.0
2018-09-21,1.61,13978000.0
2018-09-22,5.59,48662000.0
2018-09-23,0.77,6728000.0
2018-09-24,1.28,11107000.0
2018-09-25,1.16,10063000.0
2018-09-26,1.39,12064000.0
2018-09-27,0.52,4495000.0
2018-09-28,2.02,17545000.0
2018-09-29,1.56,13543000.0
2018-09-30,1.03,8961000.0
2018-10-01,1.2,10440000.0
2018-10-02,1.23,10730000.0
2018-10-03,2.52,21895000.0
2018-10-04,2.36,20532000.0
2018-10-05,1.03,8932000.0
2018-10-06,0.0,29000.0
2018-10-07,0.0,29000.0
2018-10-08,0.02,174000.0
2018-10-09,0.01,87000.0
2018-10-10,0.07,638000.0
2018-10-11,0.02,203000.0
2018-10-12,0.05,464000.0
2018-10-13,0.0,0.0
2018-10-14,0.0,0.0
2018-10-15,0.0,0.0
2018-10-16,0.0,0.0
2018-10-17,1.02,8845000.0
2018-10-18,0.47,4089000.0
2018-10-19,0.29,2523000.0
2018-10-20,0.02,145000.0
2018-10-21,0.0,29000.0
2018-10-22,0.01,87000.0
2018-10-23,0.0,0.0
2018-10-24,0.03,232000.0
2018-10-25,0.05,435000.0
2018-10-26,0.0,0.0
2018-10-27,0.0,0.0
2018-10-28,0.0,0.0
2018-10-29,0.0,0.0
2018-10-30,0.0,0.0
2018-10-31,0.0,0.0
2018-11-01,0.0,29000.0
2018-11-02,0.0,0.0
2018-11-03,0.78,6786000.0
2018-11-04,2.03,17661000.0
2018-11-05,3.98,34626000.0
2018-11-06,0.45,3886000.0
2018-11-07,0.02,203000.0
2018-11-08,0.0,0.0
2018-11-09,0.0,0.0
2018-11-10,0.0,0.0
2018-11-11,0.0,0.0
2018-11-12,0.0,0.0
2018-11-13,0.0,0.0
2018-11-14,0.0,0.0
2018-11-15,0.0,0.0
2018-11-16,0.0,0.0
2018-11-17,0.0,0.0
2018-11-18,0.04,348000.0
2018-11-19,1.83,15950000.0
2018-11-20,3.26,28333000.0
2018-11-21,0.98,8497000.0
2018-11-22,0.0,29000.0
2018-11-23,0.0,0.0
2018-11-24,0.0,0.0
2018-11-25,0.0,0.0
2018-11-26,0.0,0.0
2018-11-27,0.0,0.0
2018-11-28,0.0,0.0
2018-11-29,0.0,0.0
2018-11-30,0.0,0.0
2018-12-01,0.0,0.0
2018-12-02,0.0,0.0
2018-12-03,0.0,0.0
2018-12-04,0.0,0.0
2018-12-05,0.01,116000.0
2018-12-06,0.0,29000.0
2018-12-07,0.07,609000.0
2018-12-08,0.08,667000.0
2018-12-09,0.0,29000.0
2018-12-10,0.0,0.0
2018-12-11,0.0,0.0
2018-12-12,0.0,0.0
2018-12-13,0.01,87000.0
2018-12-14,0.15,1276000.0
2018-12-15,0.0,0.0
2018-12-16,0.0,0.0
2018-12-17,0.01,58000.0
2018-12-18,0.0,0.0
2018-12-19,0.0,0.0
2018-12-20,0.0,0.0
2018-12-21,0.0,0.0
2018-12-22,0.0,0.0
2018-12-23,0.0,0.0
2018-12-24,0.0,0.0
2018-12-25,0.0,0.0
2018-12-26,0.0,0.0
2018-12-27,0.0,0.0
2018-12-28,0.0,0.0
2018-12-29,0.0,0.0
2018-12-30,0.0,0.0
2018-12-31,0.0,0.0
2019-01-01,0.0,0.0
2019-01-02,0.0,0.0
2019-01-03,0.0,0.0
2019-01-04,0.0,0.0
2019-01-05,0.0,0.0
2019-01-06,0.0,0.0
2019-01-07,0.0,0.0
2019-01-08,0.0,0.0
2019-01-09,0.0,0.0
2019-01-10,0.0,0.0
2019-01-11,0.0,0.0
2019-01-12,0.0,0.0
2019-01-13,0.0,0.0
2019-01-14,0.0,0.0
2019-01-15,0.0,0.0
2019-01-16,0.0,0.0
2019-01-17,0.0,0.0
2019-01-18,0.0,0.0
2019-01-19,0.0,0.0
2019-01-20,0.0,0.0
2019-01-21,0.0,0.0
2019-01-22,0.0,0.0
2019-01-23,0.0,29000.0
2019-01-24,0.0,0.0
2019-01-25,0.0,29000.0
2019-01-26,0.27,2378000.0
2019-01-27,0.02,203000.0
2019-01-28,0.0,0.0
2019-01-29,0.0,0.0
2019-01-30,0.0,0.0
2019-01-31,0.0,0.0
2019-02-01,0.0,0.0
2019-02-02,0.0,0.0
2019-02-03,0.0,0.0
2019-02-04,0.0,0.0
2019-02-05,0.0,0.0
2019-02-06,0.0,0.0
2019-02-07,0.0,0.0
2019-02-08,0.0,0.0
2019-02-09,0.0,0.0
2019-02-10,0.0,0.0
2019-02-11,0.0,0.0
2019-02-12,0.06,551000.0
2019-02-13,0.01,58000.0
2019-02-14,0.0,0.0
2019-02-15,0.0,29000.0
2019-02-16,0.0,0.0
2019-02-17,0.0,0.0
2019-02-18,0.0,0.0
2019-02-19,0.0,0.0
2019-02-20,0.0,0.0
2019-02-21,0.04,348000.0
2019-02-22,0.0,0.0
2019-02-23,0.0,29000.0
2019-02-24,0.0,0.0
2019-02-25,0.0,0.0
2019-02-26,0.0,0.0
2019-02-27,0.0,0.0
2019-02-28,0.0,0.0
2019-03-01,0.0,0.0
2019-03-02,0.0,29000.0
2019-03-03,0.01,116000.0
2019-03-04,0.02,145000.0
2019-03-05,0.01,116000.0
2019-03-06,0.0,0.0
2019-03-07,0.0,0.0
2019-03-08,0.0,0.0
2019-03-09,0.0,0.0
2019-03-10,0.0,0.0
2019-03-11,0.0,0.0
2019-03-12,0.0,0.0
2019-03-13,0.0,0.0
2019-03-14,0.0,0.0
2019-03-15,0.0,0.0
2019-03-16,0.0,0.0
2019-03-17,0.0,0.0
2019-03-18,0.0,0.0
2019-03-19,0.0,0.0
2019-03-20,0.0,0.0
2019-03-21,0.0,0.0
2019-03-22,0.0,0.0
2019-03-23,0.0,0.0
2019-03-24,0.0,0.0
2019-03-25,0.02,145000.0
2019-03-26,0.0,0.0
2019-03-27,0.0,0.0
2019-03-28,0.0,0.0
2019-03-29,0.0,0.0
2019-03-30,0.0,0.0
2019-03-31,0.0,0.0
2019-04-01,0.0,0.0
2019-04-02,0.0,0.0
2019-04-03,0.0,29000.0
2019-04-04,0.02,203000.0
2019-04-05,0.0,0.0
2019-04-06,0.0,0.0
2019-04-07,0.0,0.0
2019-04-08,0.0,0.0
2019-04-09,0.0,0.0
2019-04-10,0.0,0.0
2019-04-11,0.0,0.0
2019-04-12,0.0,0.0
2019-04-13,0.02,145000.0
2019-04-14,0.1,899000.0
2019-04-15,0.26,2291000.0
2019-04-16,0.99,8613000.0
2019-04-17,0.03,290000.0
2019-04-18,0.0,0.0
2019-04-19,0.0,0.0
2019-04-20,0.0,0.0
2019-04-21,0.0,0.0
2019-04-22,0.0,0.0
2019-04-23,0.0,0.0
2019-04-24,0.0,0.0
2019-04-25,0.0,0.0
2019-04-26,0.0,0.0
2019-04-27,0.0,0.0
2019-04-28,0.0,0.0
2019-04-29,0.0,0.0
2019-04-30,0.0,0.0
2019-05-01,0.0,0.0
2019-05-02,0.0,0.0
2019-05-03,0.0,0.0
2019-05-04,0.06,493000.0
2019-05-05,0.04,377000.0
2019-05-06,0.0,0.0
2019-05-07,0.01,87000.0
2019-05-08,0.03,290000.0
2019-05-09,0.03,290000.0
2019-05-10,0.01,58000.0
2019-05-11,0.0,0.0
2019-05-12,0.0,0.0
2019-05-13,0.0,0.0
2019-05-14,0.0,0.0
2019-05-15,0.0,0.0
2019-05-16,0.0,0.0
2019-05-17,0.0,29000.0
2019-05-18,0.0,0.0
2019-05-19,0.0,0.0
2019-05-20,0.0,0.0
2019-05-21,0.0,29000.0
2019-05-22,0.0,0.0
2019-05-23,0.0,0.0
2019-05-24,0.0,0.0
2019-05-25,0.0,0.0
2019-05-26,0.0,0.0
2019-05-27,0.02,203000.0
2019-05-28,0.0,29000.0
2019-05-29,0.0,0.0
2019-05-30,0.02,203000.0
2019-05-31,0.0,0.0
2019-06-01,0.02,145000.0
2019-06-02,0.03,261000.0
2019-06-03,0.21,1798000.0
2019-06-04,0.11,986000.0
2019-06-05,0.09,754000.0
2019-06-06,0.61,5278000.0
2019-06-07,0.42,3683000.0
2019-06-08,0.46,3973000.0
2019-06-09,4.71,40948000.0
2019-06-10,1.71,14848000.0
2019-06-11,2.03,17632000.0
2019-06-12,1.67,14529000.0
2019-06-13,2.01,17516000.0
2019-06-14,1.26,10962000.0
2019-06-15,1.65,14384000.0
2019-06-16,1.82,15863000.0
2019-06-17,1.36,11861000.0
2019-06-18,2.45,21315000.0
2019-06-19,3.52,30653000.0
2019-06-20,0.91,7888000.0
2019-06-21,1.22,10643000.0
2019-06-22,5.76,50112000.0
2019-06-23,8.77,76270000.0
2019-06-24,14.18,123337000.0
2019-06-25,12.11,105386000.0
2019-06-26,11.39,99093000.0
2019-06-27,13.86,120553000.0
2019-06-28,32.7,284519000.0
2019-06-29,42.24,367517000.0
2019-06-30,21.31,185368000.0
2019-07-01,27.16,236263000.0
2019-07-02,18.59,161762000.0
2019-07-03,9.16,79692000.0
2019-07-04,6.82,59363000.0
2019-07-05,11.82,102834000.0
2019-07-06,13.14,114347000.0
2019-07-07,18.2,158311000.0
2019-07-08,10.48,91205000.0
2019-07-09,6.24,54259000.0
2019-07-10,20.05,174435000.0
2019-07-11,10.89,94743000.0
2019-07-12,2.86,24911000.0
2019-07-13,3.11,27086000.0
2019-07-14,3.47,30218000.0
2019-07-15,2.72,23635000.0
2019-07-16,2.85,24824000.0
2019-07-17,2.6,22620000.0
2019-07-18,1.78,15515000.0
2019-07-19,5.81,50576000.0
2019-07-20,27.62,240323000.0
2019-07-21,13.08,113767000.0
2019-07-22,5.63,48981000.0
2019-07-23,3.46,30131000.0
2019-07-24,17.87,155440000.0
2019-07-25,17.43,151612000.0
2019-07-26,14.78,128557000.0
2019-07-27,20.43,177741000.0
2019-07-28,16.71,145406000.0
2019-07-29,32.48,282576000.0
2019-07-30,35.78,311286000.0
2019-07-31,26.54,230927000.0
2019-08-01,16.69,145203000.0
2019-08-02,14.67,127658000.0
2019-08-03,42.58,370446000.0
2019-08-04,69.29,602823000.0
2019-08-05,31.72,275993000.0
2019-08-06,16.73,145522000.0
2019-08-07,15.0,130471000.0
2019-08-08,24.64,214368000.0
2019-08-09,23.11,201057000.0
2019-08-10,13.19,114724000.0
2019-08-11,9.25,80475000.0
2019-08-12,3.48,30276000.0
2019-08-13,2.98,25897000.0
2019-08-14,5.01,43587000.0
2019-08-15,4.3,37439000.0
2019-08-16,5.27,45849000.0
2019-08-17,3.42,29783000.0
2019-08-18,2.88,25085000.0
2019-08-19,2.1,18270000.0
2019-08-20,1.57,13659000.0
2019-08-21,4.82,41934000.0
2019-08-22,3.43,29841000.0
2019-08-23,1.58,13775000.0
2019-08-24,2.4,20851000.0
2019-08-25,1.86,16182000.0
2019-08-26,4.26,37033000.0
2019-08-27,2.72,23664000.0
2019-08-28,2.06,17893000.0
2019-08-29,3.35,29174000.0
2019-08-30,14.98,130326000.0
2019-08-31,13.77,119828000.0
2019-09-01,14.01,121887000.0
2019-09-02,4.67,40658000.0
2019-09-03,8.59,74733000.0
2019-09-04,28.6,248820000.0
2019-09-05,13.61,118407000.0
2019-09-06,13.93,121191000.0
2019-09-07,11.72,101935000.0
2019-09-08,12.26,106662000.0
2019-09-09,12.79,111273000.0
2019-09-10,9.15,79634000.0
2019-09-11,8.08,70296000.0
2019-09-12,12.75,110896000.0
2019-09-13,8.36,72732000.0
2019-09-14,10.38,90277000.0
2019-09-15,6.72,58493000.0
2019-09-16,4.94,42978000.0
2019-09-17,14.12,122815000.0
2019-09-18,21.5,187021000.0
2019-09-19,19.34,168287000.0
2019-09-20,9.44,82128000.0
2019-09-21,1.96,17052000.0
2019-09-22,1.86,16182000.0
2019-09-23,9.82,85434000.0
2019-09-24,13.78,119886000.0
2019-09-25,21.67,188500000.0
2019-09-26,16.98,147697000.0
2019-09-27,7.04,61219000.0
2019-09-28,1.41,12238000.0
2019-09-29,1.52,13253000.0
2019-09-30,1.98,17226000.0
2019-10-01,1.66,14471000.0
2019-10-02,0.71,6148000.0
2019-10-03,1.88,16385000.0
2019-10-04,5.97,51968000.0
2019-10-05,6.7,58319000.0
2019-10-06,7.27,63220000.0
2019-10-07,6.92,60233000.0
2019-10-08,4.49,39063000.0
2019-10-09,2.48,21605000.0
2019-10-10,1.58,13717000.0
2019-10-11,4.99,43442000.0
2019-10-12,4.8,41789000.0
2019-10-13,2.43,21170000.0
2019-10-14,0.48,4147000.0
2019-10-15,0.0,0.0
2019-10-16,0.0,0.0
2019-10-17,0.28,2436000.0
2019-10-18,5.8,50460000.0
2019-10-19,18.65,162284000.0
2019-10-20,20.49,178263000.0
2019-10-21,11.59,100862000.0
2019-10-22,13.58,118146000.0
2019-10-23,15.54,135198000.0
2019-10-24,17.23,149930000.0
2019-10-25,15.11,131486000.0
2019-10-26,10.88,94656000.0
2019-10-27,4.35,37845000.0
2019-10-28,8.0,69600000.0
2019-10-29,2.48,21576000.0
2019-10-30,4.06,35293000.0
2019-10-31,1.22,10614000.0
2019-11-01,5.51,47908000.0
2019-11-02,6.24,54259000.0
2019-11-03,4.35,37874000.0
2019-11-04,2.12,18415000.0
2019-11-05,0.18,1595000.0
2019-11-06,1.29,11194000.0
2019-11-07,0.66,5771000.0
2019-11-08,0.58,5046000.0
2019-11-09,0.11,928000.0
2019-11-10,0.03,232000.0
2019-11-11,0.01,116000.0
2019-11-12,0.09,783000.0
2019-11-13,0.04,377000.0
2019-11-14,0.0,0.0
2019-11-15,0.16,1392000.0
2019-11-16,0.23,2001000.0
2019-11-17,0.08,696000.0
2019-11-18,0.0,0.0
2019-11-19,0.0,0.0
2019-11-20,0.0,29000.0
2019-11-21,0.03,232000.0
2019-11-22,0.0,0.0
2019-11-23,0.0,0.0
2019-11-24,0.0,0.0
2019-11-25,0.0,0.0
2019-11-26,0.0,0.0
2019-11-27,0.0,0.0
2019-11-28,0.0,0.0
2019-11-29,0.2,1769000.0
2019-11-30,0.25,2204000.0
2019-12-01,0.11,957000.0
2019-12-02,0.26,2291000.0
2019-12-03,0.33,2900000.0
2019-12-04,0.17,1508000.0
2019-12-05,0.26,2233000.0
2019-12-06,0.0,0.0
2019-12-07,0.0,0.0
2019-12-08,0.0,0.0
2019-12-09,0.0,0.0
2019-12-10,0.01,116000.0
2019-12-11,0.01,58000.0
2019-12-12,0.18,1566000.0
2019-12-13,0.12,1044000.0
2019-12-14,0.05,464000.0
2019-12-15,0.3,2639000.0
2019-12-16,0.27,2378000.0
2019-12-17,0.06,522000.0
2019-12-18,0.0,0.0
2019-12-19,0.0,0.0
2019-12-20,0.0,0.0
2019-12-21,0.0,0.0
2019-12-22,0.01,87000.0
2019-12-23,0.5,4321000.0
2019-12-24,0.54,4698000.0
2019-12-25,2.15,18705000.0
2019-12-26,3.29,28623000.0
2019-12-27,0.15,1305000.0
2019-12-28,0.13,1102000.0
2019-12-29,0.29,2494000.0
2019-12-30,0.43,3741000.0
2019-12-31,0.27,2320000.0
2020-01-01,0.29,2523000.0
2020-01-02,0.61,5307000.0
2020-01-03,0.16,1363000.0
2020-01-04,0.01,116000.0
2020-01-05,0.0,0.0
2020-01-06,0.01,87000.0
2020-01-07,0.2,1769000.0
2020-01-08,0.81,7018000.0
2020-01-09,0.01,58000.0
2020-01-10,0.0,0.0
2020-01-11,0.0,0.0
2020-01-12,0.0,0.0
2020-01-13,0.0,0.0
2020-01-14,0.01,87000.0
2020-01-15,0.0,0.0
2020-01-16,0.0,0.0
2020-01-17,0.0,0.0
2020-01-18,0.0,0.0
2020-01-19,0.08,725000.0
2020-01-20,0.01,58000.0
2020-01-21,0.03,232000.0
2020-01-22,0.0,0.0
2020-01-23,0.0,0.0
2020-01-24,0.0,0.0
2020-01-25,0.0,0.0
2020-01-26,0.0,29000.0
2020-01-27,0.0,0.0
2020-01-28,0.22,1885000.0
2020-01-29,0.0,29000.0
2020-01-30,0.0,0.0
2020-01-31,0.0,0.0
2020-02-01,0.01,116000.0
2020-02-02,0.04,348000.0
2020-02-03,0.08,667000.0
2020-02-04,0.02,174000.0
2020-02-05,0.04,348000.0
2020-02-06,0.05,435000.0
2020-02-07,0.06,522000.0
2020-02-08,0.51,4408000.0
2020-02-09,0.01,87000.0
2020-02-10,0.82,7163000.0
2020-02-11,0.06,551000.0
2020-02-12,0.05,464000.0
2020-02-13,0.0,0.0
2020-02-14,0.0,0.0
2020-02-15,0.0,0.0
2020-02-16,0.0,0.0
2020-02-17,0.0,0.0
2020-02-18,0.0,0.0
2020-02-19,0.0,0.0
2020-02-20,0.0,0.0
2020-02-21,0.0,0.0
2020-02-22,0.0,0.0
2020-02-23,0.0,0.0
2020-02-24,0.0,0.0
2020-02-25,0.0,0.0
2020-02-26,0.0,0.0
2020-02-27,0.0,0.0
2020-02-28,0.0,0.0
2020-02-29,0.01,58000.0
2020-03-01,0.3,2639000.0
2020-03-02,0.02,203000.0
2020-03-03,0.0,0.0
2020-03-04,0.0,29000.0
2020-03-05,0.0,0.0
2020-03-06,0.09,812000.0
2020-03-07,0.0,0.0
2020-03-08,0.06,493000.0
2020-03-09,0.2,1711000.0
2020-03-10,0.06,493000.0
2020-03-11,0.0,0.0
2020-03-12,0.02,174000.0
2020-03-13,0.0,0.0
2020-03-14,0.0,0.0
2020-03-15,0.0,0.0
2020-03-16,0.06,493000.0
2020-03-17,0.33,2900000.0
2020-03-18,0.14,1247000.0
2020-03-19,0.09,812000.0
2020-03-20,0.0,0.0
2020-03-21,0.0,0.0
2020-03-22,0.0,0.0
2020-03-23,0.0,0.0
2020-03-24,0.0,0.0
2020-03-25,5.47,47560000.0
2020-03-26,1.59,13833000.0
2020-03-27,0.32,2813000.0
2020-03-28,0.39,3422000.0
2020-03-29,0.35,3074000.0
2020-03-30,0.02,174000.0
2020-03-31,0.02,145000.0
2020-04-01,0.0,0.0
2020-04-02,0.0,0.0
2020-04-03,0.0,0.0
2020-04-04,0.0,0.0
2020-04-05,0.0,0.0
2020-04-06,0.0,0.0
2020-04-07,0.0,0.0
2020-04-08,0.0,0.0
2020-04-09,0.0,0.0
2020-04-10,0.0,29000.0
2020-04-11,0.01,116000.0
2020-04-12,0.0,0.0
2020-04-13,0.0,0.0
2020-04-14,0.0,0.0
2020-04-15,0.01,116000.0
2020-04-16,0.01,58000.0
2020-04-17,0.01,87000.0
2020-04-18,0.0,29000.0
2020-04-19,0.0,0.0
2020-04-20,0.0,0.0
2020-04-21,0.0,0.0
2020-04-22,0.0,0.0
2020-04-23,0.0,0.0
2020-04-24,0.01,58000.0
2020-04-25,0.0,0.0
2020-04-26,0.0,0.0
2020-04-27,0.01,58000.0
2020-04-28,0.01,116000.0
2020-04-29,0.0,0.0
2020-04-30,0.09,754000.0
2020-05-01,0.07,580000.0
2020-05-02,0.0,0.0
2020-05-03,0.0,0.0
2020-05-04,0.0,0.0
2020-05-05,0.0,0.0
2020-05-06,0.0,0.0
2020-05-07,0.0,0.0
2020-05-08,0.02,203000.0
2020-05-09,0.02,145000.0
2020-05-10,0.25,2146000.0
2020-05-11,0.06,522000.0
2020-05-12,0.0,0.0
2020-05-13,0.17,1450000.0
2020-05-14,0.65,5684000.0
2020-05-15,0.41,3596000.0
2020-05-16,0.14,1218000.0
2020-05-17,0.04,348000.0
2020-05-18,0.16,1392000.0
2020-05-19,0.09,754000.0
2020-05-20,0.02,203000.0
2020-05-21,0.0,29000.0
2020-05-22,0.01,87000.0
2020-05-23,0.0,0.0
2020-05-24,0.0,29000.0
2020-05-25,0.0,0.0
2020-05-26,0.01,58000.0
2020-05-27,0.06,493000.0
2020-05-28,0.06,551000.0
2020-05-29,0.11,957000.0
2020-05-30,0.07,580000.0
2020-05-31,0.94,8178000.0
2020-06-01,5.8,50431000.0
2020-06-02,12.8,111331000.0
2020-06-03,39.88,346956000.0
2020-06-04,7.31,63597000.0
2020-06-05,1.91,16617000.0
2020-06-06,1.91,16617000.0
2020-06-07,1.47,12760000.0
2020-06-08,1.78,15515000.0
2020-06-09,2.13,18531000.0
2020-06-10,7.53,65511000.0
2020-06-11,6.27,54578000.0
2020-06-12,8.53,74240000.0
2020-06-13,16.12,140215000.0
2020-06-14,19.02,165503000.0
2020-06-15,17.5,152279000.0
2020-06-16,15.19,132182000.0
2020-06-17,13.44,116957000.0
2020-06-18,11.06,96222000.0
2020-06-19,2.95,25694000.0
2020-06-20,2.12,18444000.0
2020-06-21,2.48,21547000.0
2020-06-22,1.79,15544000.0
2020-06-23,1.18,10266000.0
2020-06-24,5.12,44544000.0
2020-06-25,9.56,83201000.0
2020-06-26,16.92,147204000.0
2020-06-27,11.61,101007000.0
2020-06-28,11.35,98774000.0
2020-06-29,17.17,149379000.0
2020-06-30,13.45,116986000.0
2020-07-01,8.25,71746000.0
2020-07-02,3.26,28362000.0
2020-07-03,16.22,141085000.0
2020-07-04,29.98,260826000.0
2020-07-05,22.6,196649000.0
2020-07-06,8.86,77111000.0
2020-07-07,17.07,148538000.0
2020-07-08,9.53,82882000.0
2020-07-09,8.86,77111000.0
2020-07-10,4.55,39614000.0
2020-07-11,2.92,25433000.0
2020-07-12,7.21,62756000.0
2020-07-13,9.89,86072000.0
2020-07-14,15.92,138533000.0
2020-07-15,28.89,251343000.0
2020-07-16,16.08,139867000.0
2020-07-17,7.56,65743000.0
2020-07-18,4.29,37294000.0
2020-07-19,2.59,22504000.0
2020-07-20,7.06,61422000.0
2020-07-21,5.23,45501000.0
2020-07-22,9.76,84883000.0
2020-07-23,14.97,130239000.0
2020-07-24,27.26,237191000.0
2020-07-25,7.0,60900000.0
2020-07-26,6.72,58435000.0
2020-07-27,5.6,48691000.0
2020-07-28,6.69,58174000.0
2020-07-29,14.15,123076000.0
2020-07-30,10.2,88740000.0
2020-07-31,11.33,98571000.0
2020-08-01,5.26,45762000.0
2020-08-02,7.53,65511000.0
2020-08-03,11.51,100137000.0
2020-08-04,37.12,322944000.0
2020-08-05,40.59,353162000.0
2020-08-06,26.6,231449000.0
2020-08-07,9.84,85608000.0
2020-08-08,6.1,53041000.0
2020-08-09,5.8,50489000.0
2020-08-10,13.7,119219000.0
2020-08-11,14.12,122815000.0
2020-08-12,22.92,199433000.0
2020-08-13,23.22,202043000.0
2020-08-14,21.63,188210000.0
2020-08-15,23.95,208336000.0
2020-08-16,21.09,183483000.0
2020-08-17,22.5,195721000.0
2020-08-18,9.84,85608000.0
2020-08-19,13.72,119335000.0
2020-08-20,18.53,161240000.0
2020-08-21,14.83,129050000.0
2020-08-22,7.01,61016000.0
2020-08-23,6.58,57275000.0
2020-08-24,6.14,53389000.0
2020-08-25,3.14,27289000.0
2020-08-26,1.75,15196000.0
2020-08-27,2.99,25984000.0
2020-08-28,14.51,126237000.0
2020-08-29,14.74,128267000.0
2020-08-30,7.3,63481000.0
2020-08-31,4.35,37874000.0
2020-09-01,2.05,17806000.0
2020-09-02,0.88,7685000.0
2020-09-03,1.31,11397000.0
2020-09-04,5.54,48227000.0
2020-09-05,5.8,50431000.0
2020-09-06,12.97,112868000.0
2020-09-07,11.03,95932000.0
2020-09-08,10.86,94482000.0
2020-09-09,6.86,59711000.0
2020-09-10,7.76,67512000.0
2020-09-11,13.67,118900000.0
2020-09-12,4.96,43123000.0
2020-09-13,4.46,38831000.0
2020-09-14,5.97,51910000.0
2020-09-15,11.11,96657000.0
2020-09-16,15.24,132617000.0
2020-09-17,14.23,123772000.0
2020-09-18,10.69,92974000.0
2020-09-19,15.88,138156000.0
2020-09-20,16.27,141549000.0
2020-09-21,20.23,176001000.0
2020-09-22,22.93,199520000.0
2020-09-23,24.29,211323000.0
2020-09-24,3.84,33408000.0
2020-09-25,13.02,113303000.0
2020-09-26,7.53,65511000.0
2020-09-27,1.49,12934000.0
2020-09-28,0.81,7047000.0
2020-09-29,0.66,5771000.0
2020-09-30,0.78,6815000.0
2020-10-01,0.5,4379000.0
2020-10-02,0.79,6844000.0
2020-10-03,1.58,13717000.0
2020-10-04,1.3,11310000.0
2020-10-05,0.34,2929000.0
2020-10-06,0.16,1363000.0
2020-10-07,0.25,2146000.0
2020-10-08,0.65,5626000.0
2020-10-09,5.0,43529000.0
2020-10-10,8.83,76821000.0
2020-10-11,23.77,206828000.0
2020-10-12,5.39,46922000.0
2020-10-13,3.18,27695000.0
2020-10-14,23.36,203261000.0
2020-10-15,9.28,80736000.0
2020-10-16,1.34,11687000.0
2020-10-17,4.34,37787000.0
2020-10-18,7.35,63916000.0
2020-10-19,5.43,47270000.0
2020-10-20,4.07,35438000.0
2020-10-21,5.42,47125000.0
2020-10-22,6.98,60697000.0
2020-10-23,1.66,14442000.0
2020-10-24,2.54,22069000.0
2020-10-25,2.07,18009000.0
2020-10-26,0.5,4350000.0
2020-10-27,0.05,435000.0
2020-10-28,0.03,290000.0
2020-10-29,0.01,116000.0
2020-10-30,0.0,0.0
2020-10-31,0.02,174000.0
2020-11-01,0.18,1537000.0
2020-11-02,0.15,1334000.0
2020-11-03,0.0,0.0
2020-11-04,0.0,0.0
2020-11-05,0.0,0.0
2020-11-06,0.0,0.0
2020-11-07,0.0,0.0
2020-11-08,0.0,0.0
2020-11-09,0.0,0.0
2020-11-10,0.0,0.0
2020-11-11,0.0,0.0
2020-11-12,0.0,0.0
2020-11-13,0.15,1305000.0
2020-11-14,0.03,290000.0
2020-11-15,0.02,174000.0
2020-11-16,0.02,145000.0
2020-11-17,0.0,0.0
2020-11-18,0.16,1392000.0
2020-11-19,0.45,3915000.0
2020-11-20,0.78,6786000.0
2020-11-21,0.46,4031000.0
2020-11-22,0.12,1015000.0
2020-11-23,0.08,696000.0
2020-11-24,0.11,986000.0
2020-11-25,0.0,0.0
2020-11-26,0.0,0.0
2020-11-27,0.24,2117000.0
2020-11-28,0.74,6409000.0
2020-11-29,0.03,261000.0
2020-11-30,0.16,1363000.0
2020-12-01,0.0,0.0
2020-12-02,0.0,0.0
2020-12-03,0.0,0.0
2020-12-04,0.0,0.0
2020-12-05,0.0,0.0
2020-12-06,0.0,0.0
2020-12-07,0.0,0.0
2020-12-08,0.0,0.0
2020-12-09,0.01,87000.0
2020-12-10,0.0,0.0
2020-12-11,0.86,7482000.0
2020-12-12,0.3,2639000.0
2020-12-13,0.43,3770000.0
2020-12-14,1.92,16675000.0
2020-12-15,0.07,638000.0
2020-12-16,0.0,0.0
2020-12-17,0.0,0.0
2020-12-18,0.0,0.0
2020-12-19,0.0,0.0
2020-12-20,0.0,0.0
2020-12-21,0.0,0.0
2020-12-22,0.0,0.0
2020-12-23,0.0,0.0
2020-12-24,0.0,0.0
2020-12-25,0.0,0.0
2020-12-26,0.0,0.0
2020-12-27,0.0,0.0
2020-12-28,0.0,0.0
2020-12-29,0.0,0.0
2020-12-30,0.0,0.0
2020-12-31,0.0,0.0
2021-01-01,0.07,609000.0
2021-01-02,0.09,783000.0
2021-01-03,0.05,406000.0
2021-01-04,3.24,28188000.0
2021-01-05,1.26,10962000.0
2021-01-06,0.94,8178000.0
2021-01-07,2.42,21083000.0
2021-01-08,1.29,11223000.0
2021-01-09,0.78,6757000.0
2021-01-10,0.34,2958000.0
2021-01-11,0.03,261000.0
2021-01-12,0.0,0.0
2021-01-13,0.0,0.0
2021-01-14,0.0,0.0
2021-01-15,0.0,0.0
2021-01-16,0.0,0.0
2021-01-17,0.0,29000.0
2021-01-18,0.01,58000.0
2021-01-19,0.0,0.0
2021-01-20,0.0,0.0
2021-01-21,0.0,0.0
2021-01-22,0.0,0.0
2021-01-23,0.0,0.0
2021-01-24,0.0,0.0
2021-01-25,0.0,0.0
2021-01-26,0.0,0.0
2021-01-27,0.0,0.0
2021-01-28,0.0,0.0
2021-01-29,0.0,0.0
2021-01-30,0.0,0.0
2021-01-31,0.01,116000.0
2021-02-01,0.01,58000.0
2021-02-02,0.0,0.0
2021-02-03,0.0,0.0
2021-02-04,0.0,0.0
2021-02-05,0.0,0.0
2021-02-06,0.0,0.0
2021-02-07,0.0,0.0
2021-02-08,0.0,0.0
2021-02-09,0.0,0.0
2021-02-10,0.0,0.0
2021-02-11,0.0,0.0
2021-02-12,0.0,0.0
2021-02-13,0.0,0.0
2021-02-14,0.0,0.0
2021-02-15,0.0,29000.0
2021-02-16,0.0,0.0
2021-02-17,0.03,232000.0
2021-02-18,1.17,10208000.0
2021-02-19,2.84,24737000.0
2021-02-20,0.03,261000.0
2021-02-21,0.06,551000.0
2021-02-22,0.03,261000.0
2021-02-23,0.0,0.0
2021-02-24,0.0,0.0
2021-02-25,0.0,0.0
2021-02-26,0.0,0.0
2021-02-27,0.0,0.0
2021-02-28,0.0,0.0
2021-03-01,0.0,0.0
2021-03-02,0.0,0.0
2021-03-03,0.0,0.0
2021-03-04,0.0,0.0
2021-03-05,0.0,0.0
2021-03-06,0.0,0.0
2021-03-07,0.0,0.0
2021-03-08,0.0,0.0
2021-03-09,0.0,0.0
2021-03-10,0.0,0.0
2021-03-11,0.0,0.0
2021-03-12,0.0,0.0
2021-03-13,0.0,0.0
2021-03-14,0.0,0.0
2021-03-15,0.0,0.0
2021-03-16,0.0,0.0
2021-03-17,0.0,0.0
2021-03-18,0.0,0.0
2021-03-19,0.02,145000.0
2021-03-20,0.14,1218000.0
2021-03-21,0.1,870000.0
2021-03-22,0.04,348000.0
2021-03-23,0.7,6090000.0
2021-03-24,0.1,870000.0
2021-03-25,0.0,0.0
2021-03-26,0.0,0.0
2021-03-27,0.0,0.0
2021-03-28,0.0,0.0
2021-03-29,0.0,0.0
2021-03-30,0.0,0.0
2021-03-31,0.0,0.0
2021-04-01,0.0,0.0
2021-04-02,0.0,0.0
2021-04-03,0.03,232000.0
2021-04-04,0.0,0.0
2021-04-05,0.0,0.0
2021-04-06,0.0,0.0
2021-04-07,0.0,0.0
2021-04-08,0.0,29000.0
2021-04-09,0.0,0.0
2021-04-10,0.02,174000.0
2021-04-11,0.01,116000.0
2021-04-12,0.19,1653000.0
2021-04-13,0.06,551000.0
2021-04-14,0.9,7830000.0
2021-04-15,0.0,0.0
2021-04-16,0.0,0.0
2021-04-17,0.0,0.0
2021-04-18,0.0,0.0
2021-04-19,0.0,0.0
2021-04-20,0.0,0.0
2021-04-21,0.0,29000.0
2021-04-22,0.0,0.0
2021-04-23,0.0,0.0
2021-04-24,0.0,0.0
2021-04-25,0.0,29000.0
2021-04-26,0.36,3103000.0
2021-04-27,0.11,957000.0
2021-04-28,0.08,725000.0
2021-04-29,0.07,638000.0
2021-04-30,0.25,2204000.0
2021-05-01,0.44,3799000.0
2021-05-02,2.16,18821000.0
2021-05-03,0.14,1189000.0
2021-05-04,0.01,87000.0
2021-05-05,0.01,58000.0
2021-05-06,0.02,203000.0
2021-05-07,0.73,6322000.0
2021-05-08,0.13,1131000.0
2021-05-09,0.32,2784000.0
2021-05-10,0.08,696000.0
2021-05-11,0.0,29000.0
2021-05-12,0.0,29000.0
2021-05-13,0.03,290000.0
2021-05-14,0.05,464000.0
2021-05-15,0.09,783000.0
2021-05-16,5.1,44399000.0
2021-05-17,13.31,115826000.0
2021-05-18,4.14,36047000.0
2021-05-19,8.15,70905000.0
2021-05-20,0.36,3161000.0
2021-05-21,0.04,319000.0
2021-05-22,0.2,1740000.0
2021-05-23,0.54,4669000.0
2021-05-24,0.42,3625000.0
2021-05-25,0.35,3045000.0
2021-05-26,0.18,1595000.0
2021-05-27,0.74,6409000.0
2021-05-28,0.5,4379000.0
2021-05-29,4.16,36221000.0
2021-05-30,4.97,43210000.0
2021-05-31,3.23,28072000.0
2021-06-01,4.93,42920000.0
2021-06-02,5.03,43761000.0
2021-06-03,2.86,24911000.0
2021-06-04,5.04,43819000.0
2021-06-05,6.98,60697000.0
2021-06-06,3.27,28420000.0
2021-06-07,2.93,25491000.0
2021-06-08,5.57,48459000.0
2021-06-09,12.32,107213000.0
2021-06-10,9.0,78329000.0
2021-06-11,3.71,32306000.0
2021-06-12,5.01,43587000.0
2021-06-13,2.29,19952000.0
2021-06-14,1.92,16733000.0
2021-06-15,2.86,24882000.0
2021-06-16,4.66,40542000.0
2021-06-17,3.96,34481000.0
2021-06-18,7.97,69368000.0
2021-06-19,6.06,52693000.0
2021-06-20,3.93,34191000.0
2021-06-21,2.65,23084000.0
2021-06-22,2.22,19285000.0
2021-06-23,7.36,64032000.0
2021-06-24,10.55,91785000.0
2021-06-25,8.77,76299000.0
2021-06-26,2.93,25491000.0
2021-06-27,13.67,118958000.0
2021-06-28,21.33,185542000.0
2021-06-29,2.97,25839000.0
2021-06-30,2.3,20010000.0
2021-07-01,1.37,11890000.0
2021-07-02,1.08,9367000.0
2021-07-03,0.74,6438000.0
2021-07-04,0.79,6873000.0
2021-07-05,0.7,6061000.0
2021-07-06,1.63,14152000.0
2021-07-07,5.41,47096000.0
2021-07-08,15.53,135140000.0
2021-07-09,15.28,132965000.0
2021-07-10,14.74,128209000.0
2021-07-11,8.14,70818000.0
2021-07-12,14.34,124787000.0
2021-07-13,17.9,155701000.0
2021-07-14,16.98,147755000.0
2021-07-15,19.55,170056000.0
2021-07-16,13.05,113506000.0
2021-07-17,6.5,56521000.0
2021-07-18,19.68,171216000.0
2021-07-19,21.06,183193000.0
2021-07-20,11.89,103472000.0
2021-07-21,34.62,301165000.0
2021-07-22,24.33,211700000.0
2021-07-23,19.35,168316000.0
2021-07-24,9.27,80620000.0
2021-07-25,6.46,56202000.0
2021-07-26,8.93,77691000.0
2021-07-27,6.92,60175000.0
2021-07-28,9.05,78764000.0
2021-07-29,7.64,66497000.0
2021-07-30,6.68,58087000.0
2021-07-31,3.75,32596000.0
2021-08-01,3.6,31320000.0
2021-08-02,3.81,33118000.0
2021-08-03,5.43,47241000.0
2021-08-04,4.57,39730000.0
2021-08-05,3.87,33669000.0
2021-08-06,2.37,20590000.0
2021-08-07,2.49,21663000.0
2021-08-08,2.53,22011000.0
2021-08-09,2.83,24592000.0
2021-08-10,2.29,19923000.0
2021-08-11,2.75,23896000.0
2021-08-12,3.6,31320000.0
2021-08-13,2.99,25984000.0
2021-08-14,4.36,37961000.0
2021-08-15,3.8,33060000.0
2021-08-16,5.93,51562000.0
2021-08-17,20.06,174493000.0
2021-08-18,28.33,246500000.0
2021-08-19,27.57,239859000.0
2021-08-20,11.97,104139000.0
2021-08-21,9.78,85086000.0
2021-08-22,5.69,49532000.0
2021-08-23,1.5,13050000.0
2021-08-24,1.58,13717000.0
2021-08-25,1.12,9715000.0
2021-08-26,1.94,16907000.0
2021-08-27,1.78,15515000.0
2021-08-28,1.28,11136000.0
2021-08-29,2.04,17748000.0
2021-08-30,17.96,156252000.0
2021-08-31,45.17,392979000.0
2021-09-01,9.67,84129000.0
2021-09-02,3.46,30073000.0
2021-09-03,3.33,28942000.0
2021-09-04,21.18,184237000.0
2021-09-05,22.75,197925000.0
2021-09-06,12.07,104980000.0
2021-09-07,45.91,399388000.0
2021-09-08,29.57,257259000.0
2021-09-09,7.78,67686000.0
2021-09-10,5.6,48749000.0
2021-09-11,9.83,85550000.0
2021-09-12,13.51,117566000.0
2021-09-13,29.1,253199000.0
2021-09-14,7.3,63510000.0
2021-09-15,2.04,17777000.0
2021-09-16,1.04,9077000.0
2021-09-17,1.09,9454000.0
2021-09-18,1.01,8816000.0
2021-09-19,3.0,26071000.0
2021-09-20,7.95,69194000.0
2021-09-21,19.72,171535000.0
2021-09-22,23.26,202333000.0
2021-09-23,9.7,84419000.0
2021-09-24,3.75,32625000.0
2021-09-25,5.2,45269000.0
2021-09-26,8.62,75023000.0
2021-09-27,13.63,118610000.0
2021-09-28,48.3,420181000.0
2021-09-29,8.51,74037000.0
2021-09-30,2.33,20300000.0
2021-10-01,7.53,65482000.0
2021-10-02,4.93,42862000.0
2021-10-03,3.37,29348000.0
2021-10-04,2.6,22591000.0
2021-10-05,5.23,45472000.0
2021-10-06,9.04,78619000.0
2021-10-07,1.63,14152000.0
2021-10-08,8.73,75951000.0
2021-10-09,13.12,114144000.0
2021-10-10,6.19,53853000.0
2021-10-11,1.89,16443000.0
2021-10-12,0.34,2958000.0
2021-10-13,0.08,667000.0
2021-10-14,0.05,406000.0
2021-10-15,0.0,0.0
2021-10-16,1.15,10034000.0
2021-10-17,4.95,43094000.0
2021-10-18,0.2,1711000.0
2021-10-19,0.11,986000.0
2021-10-20,0.01,87000.0
2021-10-21,0.0,0.0
2021-10-22,0.0,0.0
2021-10-23,0.0,0.0
2021-10-24,0.0,0.0
2021-10-25,0.0,0.0
2021-10-26,0.0,0.0
2021-10-27,0.0,0.0
2021-10-28,0.0,0.0
2021-10-29,0.0,0.0
2021-10-30,0.0,0.0
2021-10-31,0.0,0.0
2021-11-01,0.01,116000.0
2021-11-02,0.0,0.0
2021-11-03,0.47,4118000.0
2021-11-04,0.41,3567000.0
2021-11-05,0.94,8207000.0
2021-11-06,1.4,12209000.0
2021-11-07,0.01,116000.0
2021-11-08,0.0,0.0
2021-11-09,0.0,0.0
2021-11-10,0.0,0.0
2021-11-11,0.0,0.0
2021-11-12,0.01,58000.0
2021-11-13,0.3,2639000.0
2021-11-14,0.62,5423000.0
2021-11-15,0.36,3132000.0
2021-11-16,1.16,10063000.0
2021-11-17,5.87,51069000.0
2021-11-18,1.98,17226000.0
2021-11-19,1.83,15921000.0
2021-11-20,4.53,39382000.0
2021-11-21,5.53,48111000.0
2021-11-22,3.21,27898000.0
2021-11-23,0.82,7134000.0
2021-11-24,0.23,1972000.0
2021-11-25,0.0,0.0
2021-11-26,0.0,0.0
2021-11-27,0.0,0.0
2021-11-28,0.0,0.0
2021-11-29,0.0,0.0
2021-11-30,0.28,2465000.0
2021-12-01,16.55,144014000.0
2021-12-02,22.14,192647000.0
2021-12-03,8.75,76154000.0
2021-12-04,1.86,16211000.0
2021-12-05,0.39,3393000.0
2021-12-06,0.12,1044000.0
2021-12-07,0.01,87000.0
2021-12-08,0.01,116000.0
2021-12-09,0.03,290000.0
2021-12-10,0.0,0.0
2021-12-11,0.01,58000.0
2021-12-12,0.0,29000.0
2021-12-13,0.0,0.0
2021-12-14,0.0,0.0
2021-12-15,0.03,261000.0
2021-12-16,0.03,290000.0
2021-12-17,0.0,0.0
2021-12-18,0.0,0.0
2021-12-19,0.0,0.0
2021-12-20,0.0,0.0
2021-12-21,0.0,0.0
2021-12-22,0.0,0.0
2021-12-23,0.0,0.0
2021-12-24,0.0,0.0
2021-12-25,0.0,0.0
2021-12-26,0.0,0.0
2021-12-27,0.0,0.0
2021-12-28,0.01,58000.0
2021-12-29,0.04,377000.0
2021-12-30,0.19,1624000.0
2021-12-31,0.06,551000.0
2022-01-01,0.03,290000.0
2022-01-02,0.14,1218000.0
2022-01-03,0.02,203000.0
2022-01-04,0.0,0.0
2022-01-05,0.0,0.0
2022-01-06,0.01,87000.0
2022-01-07,0.06,551000.0
2022-01-08,1.81,15718000.0
2022-01-09,0.79,6844000.0
2022-01-10,0.39,3422000.0
2022-01-11,0.33,2871000.0
2022-01-12,0.13,1160000.0
2022-01-13,0.5,4350000.0
2022-01-14,0.79,6844000.0
2022-01-15,0.03,261000.0
2022-01-16,0.0,29000.0
2022-01-17,0.03,232000.0
2022-01-18,0.0,0.0
2022-01-19,0.0,0.0
2022-01-20,0.0,0.0
2022-01-21,0.0,0.0
2022-01-22,0.64,5597000.0
2022-01-23,0.35,3074000.0
2022-01-24,0.0,0.0
2022-01-25,0.0,0.0
2022-01-26,0.0,0.0
2022-01-27,0.0,0.0
2022-01-28,0.0,0.0
2022-01-29,0.0,0.0
2022-01-30,0.0,0.0
2022-01-31,0.0,0.0
2022-02-01,0.0,0.0
2022-02-02,0.0,0.0
2022-02-03,0.0,29000.0
2022-02-04,0.02,145000.0
2022-02-05,0.0,0.0
2022-02-06,0.0,0.0
2022-02-07,0.0,0.0
2022-02-08,0.0,0.0
2022-02-09,0.0,0.0
2022-02-10,0.0,0.0
2022-02-11,0.0,0.0
2022-02-12,0.0,0.0
2022-02-13,0.0,0.0
2022-02-14,0.0,0.0
2022-02-15,0.0,0.0
2022-02-16,0.0,0.0
2022-02-17,0.02,174000.0
2022-02-18,0.0,0.0
2022-02-19,0.0,0.0
2022-02-20,0.0,0.0
2022-02-21,0.0,0.0
2022-02-22,0.0,0.0
2022-02-23,0.0,0.0
2022-02-24,0.0,0.0
2022-02-25,0.0,0.0
2022-02-26,0.0,0.0
2022-02-27,0.0,0.0
2022-02-28,0.0,0.0
2022-03-01,0.0,0.0
2022-03-02,0.0,0.0
2022-03-03,0.0,0.0
2022-03-04,0.0,0.0
2022-03-05,0.0,0.0
2022-03-06,0.0,0.0
2022-03-07,0.01,87000.0
2022-03-08,0.06,522000.0
2022-03-09,1.13,9802000.0
2022-03-10,0.0,0.0
2022-03-11,0.34,2929000.0
2022-03-12,0.25,2175000.0
2022-03-13,0.0,0.0
2022-03-14,0.0,0.0
2022-03-15,0.0,0.0
2022-03-16,0.0,0.0
2022-03-17,0.0,0.0
2022-03-18,0.0,0.0
2022-03-19,0.0,0.0
2022-03-20,0.0,0.0
2022-03-21,0.0,0.0
2022-03-22,0.0,0.0
2022-03-23,0.0,0.0
2022-03-24,0.01,116000.0
2022-03-25,0.01,58000.0
2022-03-26,0.0,0.0
2022-03-27,0.0,0.0
2022-03-28,0.0,0.0
2022-03-29,0.0,0.0
2022-03-30,0.0,0.0
2022-03-31,0.0,0.0
2022-04-01,0.0,0.0
2022-04-02,0.0,0.0
2022-04-03,0.0,0.0
2022-04-04,0.0,0.0
2022-04-05,0.02,145000.0
2022-04-06,0.0,0.0
2022-04-07,0.0,0.0
2022-04-08,0.0,0.0
2022-04-09,0.0,0.0
2022-04-10,0.0,0.0
2022-04-11,0.0,0.0
2022-04-12,0.0,0.0
2022-04-13,0.01,58000.0
2022-04-14,0.0,0.0
2022-04-15,0.0,0.0
2022-04-16,0.0,0.0
2022-04-17,0.0,0.0
2022-04-18,0.01,58000.0
2022-04-19,0.0,0.0
2022-04-20,0.05,406000.0
2022-04-21,0.06,522000.0
2022-04-22,0.03,232000.0
2022-04-23,0.1,870000.0
2022-04-24,0.01,58000.0
2022-04-25,0.01,87000.0
2022-04-26,0.0,0.0
2022-04-27,0.0,0.0
2022-04-28,0.0,29000.0
2022-04-29,0.0,0.0
2022-04-30,0.0,0.0
2022-05-01,0.0,0.0
2022-05-02,0.0,29000.0
2022-05-03,0.01,87000.0
2022-05-04,0.02,174000.0
2022-05-05,0.0,0.0
2022-05-06,0.0,0.0
2022-05-07,0.0,0.0
2022-05-08,0.0,0.0
2022-05-09,0.01,58000.0
2022-05-10,0.01,87000.0
2022-05-11,0.04,319000.0
2022-05-12,0.12,1015000.0
2022-05-13,0.04,348000.0
2022-05-14,0.03,261000.0
2022-05-15,0.02,203000.0
2022-05-16,0.02,145000.0
2022-05-17,0.03,290000.0
2022-05-18,0.04,348000.0
2022-05-19,0.47,4089000.0
2022-05-20,0.85,7395000.0
2022-05-21,0.12,1015000.0
2022-05-22,0.6,5220000.0
2022-05-23,0.6,5220000.0
2022-05-24,0.62,5365000.0
2022-05-25,0.27,2378000.0
2022-05-26,0.33,2871000.0
2022-05-27,0.27,2349000.0
2022-05-28,0.14,1218000.0
2022-05-29,0.22,1885000.0
2022-05-30,0.19,1682000.0
2022-05-31,0.18,1537000.0
2022-06-01,2.08,18096000.0
2022-06-02,0.12,1073000.0
2022-06-03,0.08,667000.0
2022-06-04,0.04,319000.0
2022-06-05,0.34,2987000.0
2022-06-06,0.85,7395000.0
2022-06-07,0.5,4379000.0
2022-06-08,1.2,10469000.0
2022-06-09,2.65,23055000.0
2022-06-10,6.17,53650000.0
2022-06-11,16.4,142709000.0
2022-06-12,10.1,87841000.0
2022-06-13,3.7,32161000.0
2022-06-14,2.15,18734000.0
2022-06-15,1.14,9889000.0
2022-06-16,2.05,17806000.0
2022-06-17,2.97,25810000.0
2022-06-18,5.79,50402000.0
2022-06-19,7.72,67164000.0
2022-06-20,8.78,76386000.0
2022-06-21,6.36,55332000.0
2022-06-22,13.36,116232000.0
2022-06-23,13.34,116029000.0
2022-06-24,18.62,162023000.0
2022-06-25,9.87,85898000.0
2022-06-26,7.31,63597000.0
2022-06-27,22.0,191371000.0
2022-06-28,9.52,82824000.0
2022-06-29,5.88,51156000.0
2022-06-30,10.79,93902000.0
2022-07-01,8.73,75951000.0
2022-07-02,6.74,58667000.0
2022-07-03,5.45,47386000.0
2022-07-04,9.72,84593000.0
2022-07-05,17.1,148770000.0
2022-07-06,7.1,61741000.0
2022-07-07,11.67,101558000.0
2022-07-08,24.69,214803000.0
2022-07-09,23.73,206422000.0
2022-07-10,26.77,232928000.0
2022-07-11,33.73,293451000.0
2022-07-12,33.32,289913000.0
2022-07-13,71.76,624341000.0
2022-07-14,36.92,321233000.0
2022-07-15,19.25,167475000.0
2022-07-16,14.5,126150000.0
2022-07-17,11.2,97411000.0
2022-07-18,23.73,206480000.0
2022-07-19,6.4,55680000.0
2022-07-20,3.33,28971000.0
2022-07-21,2.98,25926000.0
2022-07-22,5.31,46197000.0
2022-07-23,15.39,133893000.0
2022-07-24,13.86,120582000.0
2022-07-25,4.49,39034000.0
2022-07-26,8.16,70992000.0
2022-07-27,10.66,92771000.0
2022-07-28,4.61,40078000.0
2022-07-29,5.97,51910000.0
2022-07-30,5.57,48459000.0
2022-07-31,2.23,19430000.0
2022-08-01,1.38,11977000.0
2022-08-02,2.29,19952000.0
2022-08-03,7.58,65946000.0
2022-08-04,18.95,164865000.0
2022-08-05,26.36,229361000.0
2022-08-06,16.67,145029000.0
2022-08-07,24.34,211758000.0
2022-08-08,25.67,223329000.0
2022-08-09,19.99,173884000.0
2022-08-10,15.67,136358000.0
2022-08-11,13.56,118001000.0
2022-08-12,9.07,78909000.0
2022-08-13,9.39,81693000.0
2022-08-14,6.69,58232000.0
2022-08-15,18.16,157963000.0
2022-08-16,16.08,139867000.0
2022-08-17,6.59,57304000.0
2022-08-18,5.17,44950000.0
2022-08-19,4.53,39411000.0
2022-08-20,5.21,45298000.0
2022-08-21,3.35,29116000.0
2022-08-22,4.62,40194000.0
2022-08-23,4.21,36656000.0
2022-08-24,4.09,35612000.0
2022-08-25,2.23,19372000.0
2022-08-26,1.77,15399000.0
2022-08-27,1.08,9425000.0
2022-08-28,0.87,7540000.0
2022-08-29,1.05,9164000.0
2022-08-30,11.4,99180000.0
2022-08-31,17.76,154541000.0
2022-09-01,13.76,119741000.0
2022-09-02,2.41,20938000.0
2022-09-03,3.55,30856000.0
2022-09-04,13.2,114840000.0
2022-09-05,6.5,56521000.0
2022-09-06,8.47,73689000.0
2022-09-07,11.84,102979000.0
2022-09-08,17.85,155295000.0
2022-09-09,11.38,99035000.0
2022-09-10,14.04,122119000.0
2022-09-11,14.63,127281000.0
2022-09-12,18.61,161878000.0
2022-09-13,15.91,138388000.0
2022-09-14,7.35,63916000.0
2022-09-15,10.8,93989000.0
2022-09-16,26.82,233305000.0
2022-09-17,12.64,109939000.0
2022-09-18,12.13,105560000.0
2022-09-19,19.73,171651000.0
2022-09-20,7.01,60987000.0
2022-09-21,2.55,22214000.0
2022-09-22,3.71,32248000.0
2022-09-23,1.42,12354000.0
2022-09-24,1.53,13311000.0
2022-09-25,1.63,14181000.0
2022-09-26,5.57,48430000.0
2022-09-27,3.57,31030000.0
2022-09-28,7.98,69455000.0
2022-09-29,5.83,50750000.0
2022-09-30,2.53,22040000.0
2022-10-01,1.6,13920000.0
2022-10-02,0.66,5742000.0
2022-10-03,0.66,5771000.0
2022-10-04,0.46,4002000.0
2022-10-05,1.67,14500000.0
2022-10-06,18.98,165097000.0
2022-10-07,17.19,149582000.0
2022-10-08,4.95,43094000.0
2022-10-09,1.96,17052000.0
2022-10-10,11.44,99557000.0
2022-10-11,10.5,91350000.0
2022-10-12,16.93,147320000.0
2022-10-13,7.45,64786000.0
2022-10-14,10.07,87580000.0
2022-10-15,0.22,1885000.0
2022-10-16,4.4,38251000.0
2022-10-17,11.68,101587000.0
2022-10-18,7.39,64264000.0
2022-10-19,3.76,32712000.0
2022-10-20,4.54,39469000.0
2022-10-21,7.95,69136000.0
2022-10-22,0.53,4611000.0
2022-10-23,0.0,0.0
2022-10-24,0.0,0.0
2022-10-25,0.0,0.0
2022-10-26,0.0,0.0
2022-10-27,0.0,0.0
2022-10-28,0.0,0.0
2022-10-29,0.0,0.0
2022-10-30,0.0,0.0
2022-10-31,0.0,0.0
2022-11-01,0.0,0.0
2022-11-02,0.0,0.0
2022-11-03,0.0,0.0
2022-11-04,0.0,0.0
2022-11-05,0.0,0.0
2022-11-06,0.0,0.0
2022-11-07,0.0,0.0
2022-11-08,0.0,0.0
2022-11-09,0.0,0.0
2022-11-10,0.0,0.0
2022-11-11,0.0,0.0
2022-11-12,0.0,0.0
2022-11-13,0.0,0.0
2022-11-14,0.0,0.0
2022-11-15,0.0,0.0
2022-11-16,0.0,0.0
2022-11-17,0.0,0.0
2022-11-18,0.0,0.0
2022-11-19,0.0,0.0
2022-11-20,0.0,0.0
2022-11-21,0.0,0.0
2022-11-22,0.0,0.0
2022-11-23,0.0,0.0
2022-11-24,0.0,0.0
2022-11-25,0.0,0.0
2022-11-26,0.03,232000.0
2022-11-27,0.0,0.0
2022-11-28,0.0,0.0
2022-11-29,0.0,0.0
2022-11-30,0.0,0.0
2022-12-01,0.0,0.0
2022-12-02,0.0,0.0
2022-12-03,0.0,29000.0
2022-12-04,0.14,1189000.0
2022-12-05,0.12,1044000.0
2022-12-06,0.0,0.0
2022-12-07,0.0,0.0
2022-12-08,0.0,0.0
2022-12-09,0.0,0.0
2022-12-10,0.0,0.0
2022-12-11,0.9,7859000.0
2022-12-12,1.21,10556000.0
2022-12-13,0.83,7221000.0
2022-12-14,2.06,17922000.0
2022-12-15,0.22,1943000.0
2022-12-16,0.09,812000.0
2022-12-17,0.06,522000.0
2022-12-18,0.0,0.0
2022-12-19,0.0,0.0
2022-12-20,0.0,0.0
2022-12-21,0.0,0.0
2022-12-22,0.0,0.0
2022-12-23,0.0,0.0
2022-12-24,0.0,0.0
2022-12-25,0.0,0.0
2022-12-26,0.0,0.0
2022-12-27,0.03,232000.0
2022-12-28,0.0,0.0
2022-12-29,0.0,0.0
2022-12-30,0.0,0.0
2022-12-31,0.0,0.0
2023-01-01,0.0,0.0
2023-01-02,0.0,0.0
2023-01-03,0.0,29000.0
2023-01-04,0.07,609000.0
2023-01-05,0.21,1827000.0
2023-01-06,0.25,2146000.0
2023-01-07,0.0,29000.0
2023-01-08,0.0,0.0
2023-01-09,0.0,0.0
2023-01-10,0.0,0.0
2023-01-11,0.0,0.0
2023-01-12,0.0,0.0
2023-01-13,0.0,0.0
2023-01-14,0.0,0.0
2023-01-15,0.0,0.0
2023-01-16,0.0,0.0
2023-01-17,0.0,0.0
2023-01-18,0.0,0.0
2023-01-19,0.0,0.0
2023-01-20,0.0,0.0
2023-01-21,0.0,0.0
2023-01-22,0.0,0.0
2023-01-23,0.0,0.0
2023-01-24,0.53,4582000.0
2023-01-25,0.77,6699000.0
2023-01-26,0.88,7685000.0
2023-01-27,0.03,232000.0
2023-01-28,0.0,0.0
2023-01-29,0.11,957000.0
2023-01-30,0.02,174000.0
2023-01-31,0.02,174000.0
2023-02-01,0.11,986000.0
2023-02-02,0.0,0.0
2023-02-03,0.0,0.0
2023-02-04,0.0,0.0
2023-02-05,0.0,0.0
2023-02-06,0.0,0.0
2023-02-07,0.0,0.0
2023-02-08,0.0,0.0
2023-02-09,0.0,0.0
2023-02-10,0.0,0.0
2023-02-11,0.0,0.0
2023-02-12,0.0,0.0
2023-02-13,0.0,0.0
2023-02-14,0.0,0.0
2023-02-15,0.0,0.0
2023-02-16,0.0,0.0
2023-02-17,0.0,0.0
2023-02-18,0.0,0.0
2023-02-19,0.0,0.0
2023-02-20,0.0,0.0
2023-02-21,0.0,0.0
2023-02-22,0.0,0.0
2023-02-23,0.0,0.0
2023-02-24,0.0,0.0
2023-02-25,0.0,0.0
2023-02-26,0.0,0.0
2023-02-27,0.0,0.0
2023-02-28,0.0,0.0
2023-03-01,0.0,0.0
2023-03-02,0.0,0.0
2023-03-03,0.0,0.0
2023-03-04,0.0,0.0
2023-03-05,0.16,1421000.0
2023-03-06,1.6,13891000.0
2023-03-07,2.09,18154000.0
2023-03-08,0.16,1421000.0
2023-03-09,0.0,0.0
2023-03-10,0.0,0.0
2023-03-11,0.0,0.0
2023-03-12,0.0,0.0
2023-03-13,0.0,29000.0
2023-03-14,0.06,551000.0
2023-03-15,0.39,3393000.0
2023-03-16,4.14,35989000.0
2023-03-17,1.4,12209000.0
2023-03-18,2.35,20474000.0
2023-03-19,0.0,29000.0
2023-03-20,0.08,725000.0
2023-03-21,0.27,2378000.0
2023-03-22,0.16,1363000.0
2023-03-23,0.01,116000.0
2023-03-24,0.0,0.0
2023-03-25,0.0,0.0
2023-03-26,0.0,0.0
2023-03-27,0.0,0.0
2023-03-28,0.0,0.0
2023-03-29,0.0,0.0
2023-03-30,0.01,116000.0
2023-03-31,0.3,2581000.0
2023-04-01,0.0,0.0
2023-04-02,0.0,0.0
2023-04-03,0.0,0.0
2023-04-04,0.0,0.0
2023-04-05,0.0,0.0
2023-04-06,0.0,0.0
2023-04-07,4.78,41615000.0
2023-04-08,3.48,30305000.0
2023-04-09,1.45,12615000.0
2023-04-10,0.16,1363000.0
2023-04-11,0.07,580000.0
2023-04-12,0.06,551000.0
2023-04-13,0.22,1914000.0
2023-04-14,0.45,3944000.0
2023-04-15,0.51,4408000.0
2023-04-16,0.09,783000.0
2023-04-17,0.21,1798000.0
2023-04-18,0.24,2117000.0
2023-04-19,0.25,2204000.0
2023-04-20,0.4,3480000.0
2023-04-21,0.02,145000.0
2023-04-22,0.0,29000.0
2023-04-23,0.0,0.0
2023-04-24,0.0,0.0
2023-04-25,0.3,2581000.0
2023-04-26,0.23,2030000.0
2023-04-27,2.73,23751000.0
2023-04-28,6.23,54172000.0
2023-04-29,3.43,29841000.0
2023-04-30,0.55,4814000.0
2023-05-01,0.08,725000.0
2023-05-02,0.2,1740000.0
2023-05-03,0.72,6293000.0
2023-05-04,0.28,2436000.0
2023-05-05,0.26,2291000.0
2023-05-06,0.24,2088000.0
2023-05-07,1.2,10440000.0
2023-05-08,1.41,12296000.0
2023-05-09,1.02,8903000.0
2023-05-10,0.0,29000.0
2023-05-11,0.0,0.0
2023-05-12,0.0,0.0
2023-05-13,0.03,261000.0
2023-05-14,0.0,0.0
2023-05-15,0.12,1073000.0
2023-05-16,0.09,812000.0
2023-05-17,0.01,116000.0
2023-05-18,0.0,29000.0
2023-05-19,0.0,0.0
2023-05-20,0.0,29000.0
2023-05-21,0.03,261000.0
2023-05-22,0.05,406000.0
2023-05-23,0.05,435000.0
2023-05-24,0.02,203000.0
2023-05-25,0.06,493000.0
2023-05-26,0.28,2465000.0
2023-05-27,0.05,406000.0
2023-05-28,0.15,1305000.0
2023-05-29,0.02,203000.0
2023-05-30,0.01,58000.0
2023-05-31,0.0,0.0
2023-06-01,0.0,0.0
2023-06-02,0.02,174000.0
2023-06-03,0.97,8410000.0
2023-06-04,3.06,26593000.0
2023-06-05,0.12,1044000.0
2023-06-06,0.14,1189000.0
2023-06-07,0.06,493000.0
2023-06-08,0.2,1711000.0
2023-06-09,0.28,2465000.0
2023-06-10,3.21,27898000.0
2023-06-11,1.93,16820000.0
2023-06-12,0.23,2001000.0
2023-06-13,0.82,7105000.0
2023-06-14,1.73,15051000.0
2023-06-15,0.41,3596000.0
2023-06-16,1.66,14471000.0
2023-06-17,1.72,14935000.0
2023-06-18,1.51,13137000.0
2023-06-19,0.59,5162000.0
2023-06-20,0.89,7714000.0
2023-06-21,0.72,6264000.0
2023-06-22,0.5,4379000.0
2023-06-23,1.22,10585000.0
2023-06-24,15.35,133545000.0
2023-06-25,8.6,74820000.0
2023-06-26,9.13,79431000.0
2023-06-27,8.22,71543000.0
2023-06-28,14.79,128702000.0
2023-06-29,13.48,117305000.0
2023-06-30,16.05,139606000.0
2023-07-01,9.94,86478000.0
2023-07-02,7.29,63452000.0
2023-07-03,3.88,33756000.0
2023-07-04,9.78,85057000.0
2023-07-05,15.77,137228000.0
2023-07-06,13.35,116174000.0
2023-07-07,18.31,159297000.0
2023-07-08,8.71,75748000.0
2023-07-09,4.67,40658000.0
2023-07-10,3.33,28971000.0
2023-07-11,8.69,75632000.0
2023-07-12,10.5,91321000.0
2023-07-13,7.42,64554000.0
2023-07-14,15.05,130906000.0
2023-07-15,8.13,70731000.0
2023-07-16,8.78,76357000.0
2023-07-17,8.83,76821000.0
2023-07-18,22.7,197461000.0
2023-07-19,28.99,252213000.0
2023-07-20,10.09,87812000.0
2023-07-21,15.19,132153000.0
2023-07-22,21.39,186064000.0
2023-07-23,17.57,152888000.0
2023-07-24,12.24,106488000.0
2023-07-25,18.2,158369000.0
2023-07-26,15.78,137315000.0
2023-07-27,17.73,154222000.0
2023-07-28,16.84,146508000.0
2023-07-29,5.67,49358000.0
2023-07-30,5.73,49851000.0
2023-07-31,5.89,51243000.0
2023-08-01,5.3,46081000.0
2023-08-02,4.01,34916000.0
2023-08-03,4.1,35641000.0
2023-08-04,3.25,28275000.0
2023-08-05,4.52,39353000.0
2023-08-06,3.3,28710000.0
2023-08-07,2.05,17864000.0
2023-08-08,2.4,20851000.0
2023-08-09,2.16,18792000.0
2023-08-10,3.15,27376000.0
2023-08-11,1.7,14761000.0
2023-08-12,2.54,22127000.0
2023-08-13,3.65,31755000.0
2023-08-14,2.68,23316000.0
2023-08-15,2.75,23896000.0
2023-08-16,2.47,21489000.0
2023-08-17,1.37,11919000.0
2023-08-18,4.58,39817000.0
2023-08-19,8.98,78097000.0
2023-08-20,6.69,58232000.0
2023-08-21,1.9,16501000.0
2023-08-22,5.23,45501000.0
2023-08-23,1.7,14790000.0
2023-08-24,2.52,21895000.0
2023-08-25,4.93,42920000.0
2023-08-26,5.77,50228000.0
2023-08-27,5.76,50083000.0
2023-08-28,1.79,15544000.0
2023-08-29,1.11,9628000.0
2023-08-30,0.38,3277000.0
2023-08-31,0.55,4785000.0
2023-09-01,0.6,5191000.0
2023-09-02,1.79,15544000.0
2023-09-03,3.17,27608000.0
2023-09-04,2.54,22127000.0
2023-09-05,0.76,6641000.0
2023-09-06,2.52,21953000.0
2023-09-07,16.65,144826000.0
2023-09-08,30.38,264277000.0
2023-09-09,12.45,108344000.0
2023-09-10,3.36,29203000.0
2023-09-11,1.78,15457000.0
2023-09-12,0.88,7656000.0
2023-09-13,1.27,11078000.0
2023-09-14,2.54,22098000.0
2023-09-15,3.56,31001000.0
2023-09-16,6.5,56579000.0
2023-09-17,3.07,26680000.0
2023-09-18,4.21,36598000.0
2023-09-19,4.29,37323000.0
2023-09-20,5.1,44399000.0
2023-09-21,12.48,108576000.0
2023-09-22,23.03,200361000.0
2023-09-23,23.19,201753000.0
2023-09-24,10.71,93177000.0
2023-09-25,6.58,57275000.0
2023-09-26,13.48,117305000.0
2023-09-27,14.68,127687000.0
2023-09-28,9.2,80069000.0
2023-09-29,16.16,140621000.0
2023-09-30,10.14,88218000.0
2023-10-01,8.7,75719000.0
2023-10-02,0.52,4495000.0
2023-10-03,0.17,1479000.0
2023-10-04,0.2,1711000.0
2023-10-05,0.0,29000.0
2023-10-06,0.06,493000.0
2023-10-07,0.0,0.0
2023-10-08,0.0,0.0
2023-10-09,0.0,29000.0
2023-10-10,0.0,0.0
2023-10-11,0.03,290000.0
2023-10-12,0.05,435000.0
2023-10-13,0.0,0.0
2023-10-14,0.0,0.0
2023-10-15,0.12,1044000.0
2023-10-16,0.33,2842000.0
2023-10-17,0.18,1566000.0
2023-10-18,0.04,377000.0
2023-10-19,0.34,2958000.0
2023-10-20,0.23,2001000.0
2023-10-21,0.55,4756000.0
2023-10-22,0.02,174000.0
2023-10-23,0.0,0.0
2023-10-24,0.0,0.0
2023-10-25,0.0,0.0
2023-10-26,0.0,0.0
2023-10-27,0.0,0.0
2023-10-28,0.0,0.0
2023-10-29,0.0,0.0
2023-10-30,0.0,0.0
2023-10-31,0.0,0.0
2023-11-01,0.0,0.0
2023-11-02,0.0,0.0
2023-11-03,0.0,0.0
2023-11-04,0.0,0.0
2023-11-05,0.0,0.0
2023-11-06,0.01,58000.0
2023-11-07,0.0,29000.0
2023-11-08,1.45,12615000.0
2023-11-09,0.89,7714000.0
2023-11-10,2.16,18763000.0
2023-11-11,0.01,58000.0
2023-11-12,0.0,0.0
2023-11-13,0.0,0.0
2023-11-14,0.0,0.0
2023-11-15,0.0,0.0
2023-11-16,0.0,0.0
2023-11-17,0.0,0.0
2023-11-18,0.0,0.0
2023-11-19,0.0,0.0
2023-11-20,0.0,0.0
2023-11-21,0.0,0.0
2023-11-22,0.0,0.0
2023-11-23,0.25,2204000.0
2023-11-24,0.38,3306000.0
2023-11-25,0.57,4959000.0
2023-11-26,9.07,78938000.0
2023-11-27,10.79,93902000.0
2023-11-28,6.1,53041000.0
2023-11-29,2.03,17690000.0
2023-11-30,2.96,25723000.0
2023-12-01,5.26,45762000.0
2023-12-02,0.33,2871000.0
2023-12-03,0.08,696000.0
2023-12-04,0.01,116000.0
2023-12-05,0.17,1450000.0
2023-12-06,0.39,3393000.0
2023-12-07,0.62,5365000.0
2023-12-08,0.23,1972000.0
2023-12-09,0.0,29000.0
2023-12-10,0.0,0.0
2023-12-11,0.0,0.0
2023-12-12,0.0,0.0
2023-12-13,0.0,0.0
2023-12-14,0.0,0.0
2023-12-15,0.0,0.0
2023-12-16,0.0,0.0
2023-12-17,0.0,0.0
2023-12-18,0.0,0.0
2023-12-19,0.0,0.0
2023-12-20,0.0,0.0
2023-12-21,0.0,0.0
2023-12-22,0.01,116000.0
2023-12-23,0.0,0.0
2023-12-24,0.0,0.0
2023-12-25,0.0,0.0
2023-12-26,0.0,0.0
2023-12-27,0.0,0.0
2023-12-28,0.0,0.0
2023-12-29,0.0,0.0
2023-12-30,0.0,0.0
2023-12-31,0.0,0.0
2024-01-01,0.0,0.0
2024-01-02,0.0,0.0
2024-01-03,0.0,29000.0
2024-01-04,0.12,1015000.0
2024-01-05,0.98,8526000.0
2024-01-06,0.76,6583000.0
2024-01-07,0.18,1595000.0
2024-01-08,0.08,696000.0
2024-01-09,1.0,8700000.0
2024-01-10,1.39,12093000.0
2024-01-11,0.06,551000.0
2024-01-12,0.0,0.0
2024-01-13,0.0,0.0
2024-01-14,0.0,0.0
2024-01-15,0.0,0.0
2024-01-16,0.0,0.0
2024-01-17,0.0,0.0
2024-01-18,0.0,0.0
2024-01-19,0.0,0.0
2024-01-20,0.01,116000.0
2024-01-21,0.0,0.0
2024-01-22,0.0,0.0
2024-01-23,0.0,0.0
2024-01-24,0.0,0.0
2024-01-25,0.0,0.0
2024-01-26,0.0,0.0
2024-01-27,0.0,0.0
2024-01-28,0.0,0.0
2024-01-29,0.0,0.0
2024-01-30,0.0,0.0
2024-01-31,0.0,0.0
2024-02-01,0.0,0.0
2024-02-02,0.0,0.0
2024-02-03,0.0,0.0
2024-02-04,0.0,0.0
2024-02-05,0.0,0.0
2024-02-06,0.0,0.0
2024-02-07,0.0,0.0
2024-02-08,0.0,0.0
2024-02-09,0.0,0.0
2024-02-10,0.0,0.0
2024-02-11,0.0,0.0
2024-02-12,0.0,0.0
2024-02-13,0.0,0.0
2024-02-14,0.0,0.0
2024-02-15,0.01,58000.0
2024-02-16,0.0,0.0
2024-02-17,0.0,0.0
2024-02-18,0.0,0.0
2024-02-19,0.0,0.0
2024-02-20,0.0,0.0
2024-02-21,0.0,29000.0
2024-02-22,0.01,116000.0
2024-02-23,0.0,0.0
2024-02-24,0.0,0.0
2024-02-25,0.0,0.0
2024-02-26,0.23,2030000.0
2024-02-27,0.26,2291000.0
2024-02-28,0.0,0.0
2024-02-29,0.0,0.0
2024-03-01,0.02,174000.0
2024-03-02,0.03,232000.0
2024-03-03,0.18,1537000.0
2024-03-04,0.0,0.0
2024-03-05,0.0,0.0
2024-03-06,0.0,0.0
2024-03-07,0.0,0.0
2024-03-08,0.0,0.0
2024-03-09,0.0,0.0
2024-03-10,0.0,0.0
2024-03-11,0.0,0.0
2024-03-12,0.0,0.0
2024-03-13,0.0,0.0
2024-03-14,0.0,0.0
2024-03-15,0.0,0.0
2024-03-16,0.0,0.0
2024-03-17,0.0,0.0
2024-03-18,0.0,0.0
2024-03-19,0.0,0.0
2024-03-20,0.0,0.0
2024-03-21,0.0,0.0
2024-03-22,0.0,0.0
2024-03-23,0.0,0.0
2024-03-24,0.0,0.0
2024-03-25,0.0,0.0
2024-03-26,0.0,0.0
2024-03-27,0.0,0.0
2024-03-28,0.0,0.0
2024-03-29,0.06,522000.0
2024-03-30,0.0,0.0
2024-03-31,0.01,58000.0
2024-04-01,0.0,29000.0
2024-04-02,0.0,0.0
2024-04-03,0.0,0.0
2024-04-04,0.0,0.0
2024-04-05,0.0,0.0
2024-04-06,0.0,0.0
2024-04-07,0.01,58000.0
2024-04-08,0.0,0.0
2024-04-09,0.0,0.0
2024-04-10,0.01,87000.0
2024-04-11,1.84,16008000.0
2024-04-12,1.78,15515000.0
2024-04-13,2.06,17893000.0
2024-04-14,0.06,493000.0
2024-04-15,0.01,58000.0
2024-04-16,0.07,609000.0
2024-04-17,0.16,1392000.0
2024-04-18,0.06,522000.0
2024-04-19,0.05,435000.0
2024-04-20,0.36,3132000.0
2024-04-21,0.39,3364000.0
2024-04-22,0.93,8091000.0
2024-04-23,0.03,261000.0
2024-04-24,0.17,1479000.0
2024-04-25,0.39,3364000.0
2024-04-26,0.05,464000.0
2024-04-27,0.0,0.0
2024-04-28,0.02,174000.0
2024-04-29,0.01,58000.0
2024-04-30,0.0,0.0
2024-05-01,0.0,0.0
2024-05-02,0.0,0.0
2024-05-03,0.0,0.0
2024-05-04,0.0,0.0
2024-05-05,0.0,0.0
2024-05-06,0.0,0.0
2024-05-07,0.01,87000.0
2024-05-08,0.01,87000.0
2024-05-09,0.21,1798000.0
2024-05-10,3.94,34307000.0
2024-05-11,1.05,9164000.0
2024-05-12,2.31,20097000.0
2024-05-13,2.55,22185000.0
2024-05-14,0.93,8062000.0
2024-05-15,1.1,9541000.0
2024-05-16,0.7,6119000.0
2024-05-17,0.57,4959000.0
2024-05-18,0.4,3509000.0
2024-05-19,0.56,4843000.0
2024-05-20,0.1,899000.0
2024-05-21,0.22,1885000.0
2024-05-22,0.58,5046000.0
2024-05-23,0.56,4901000.0
2024-05-24,0.08,725000.0
2024-05-25,0.2,1711000.0
2024-05-26,0.43,3741000.0
2024-05-27,0.58,5075000.0
2024-05-28,0.49,4292000.0
2024-05-29,0.42,3654000.0
2024-05-30,0.28,2407000.0
2024-05-31,0.32,2813000.0
2024-06-01,0.36,3103000.0
2024-06-02,0.97,8468000.0
2024-06-03,2.92,25404000.0
2024-06-04,13.48,117276000.0
2024-06-05,7.36,64032000.0
2024-06-06,14.67,127600000.0
2024-06-07,8.27,71949000.0
2024-06-08,5.93,51562000.0
2024-06-09,18.37,159819000.0
2024-06-10,21.58,187746000.0
2024-06-11,18.08,157296000.0
2024-06-12,10.49,91292000.0
2024-06-13,11.42,99383000.0
2024-06-14,13.12,114115000.0
2024-06-15,6.85,59624000.0
2024-06-16,8.56,74443000.0
2024-06-17,15.02,130645000.0
2024-06-18,9.9,86130000.0
2024-06-19,6.02,52374000.0
2024-06-20,9.61,83578000.0
2024-06-21,2.93,25491000.0
2024-06-22,4.85,42224000.0
2024-06-23,23.73,206480000.0
2024-06-24,11.55,100514000.0
2024-06-25,6.81,59247000.0
2024-06-26,11.75,102225000.0
2024-06-27,11.25,97875000.0
2024-06-28,12.1,105241000.0
2024-06-29,2.95,25694000.0
2024-06-30,19.08,165967000.0
2024-07-01,5.8,50460000.0
2024-07-02,9.11,79286000.0
2024-07-03,3.5,30450000.0
2024-07-04,4.52,39295000.0
2024-07-05,8.15,70905000.0
2024-07-06,14.99,130413000.0
2024-07-07,15.59,135662000.0
2024-07-08,30.06,261493000.0
2024-07-09,15.69,136503000.0
2024-07-10,7.71,67048000.0
2024-07-11,17.16,149263000.0
2024-07-12,18.02,156745000.0
2024-07-13,27.8,241831000.0
2024-07-14,30.48,265147000.0
2024-07-15,23.1,200970000.0
2024-07-16,10.92,95004000.0
2024-07-17,15.94,138707000.0
2024-07-18,17.79,154773000.0
2024-07-19,13.42,116725000.0
2024-07-20,16.24,141288000.0
2024-07-21,18.16,157992000.0
2024-07-22,30.61,266278000.0
2024-07-23,28.92,251633000.0
2024-07-24,40.63,353510000.0
2024-07-25,50.5,439321000.0
2024-07-26,12.51,108866000.0
2024-07-27,11.54,100427000.0
2024-07-28,24.6,214020000.0
2024-07-29,13.81,120147000.0
2024-07-30,13.49,117392000.0
2024-07-31,15.55,135285000.0
2024-08-01,11.71,101877000.0
2024-08-02,13.24,115159000.0
2024-08-03,16.73,145551000.0
2024-08-04,28.79,250473000.0
2024-08-05,8.9,77401000.0
2024-08-06,6.84,59508000.0
2024-08-07,6.26,54491000.0
2024-08-08,2.88,25085000.0
2024-08-09,14.2,123569000.0
2024-08-10,5.17,45008000.0
2024-08-11,4.5,39121000.0
2024-08-12,4.62,40165000.0
2024-08-13,1.62,14065000.0
2024-08-14,1.34,11687000.0
2024-08-15,2.25,19546000.0
2024-08-16,4.49,39092000.0
2024-08-17,9.35,81345000.0
2024-08-18,9.62,83694000.0
2024-08-19,16.85,146624000.0
2024-08-20,12.08,105096000.0
2024-08-21,9.1,79141000.0
2024-08-22,16.79,146073000.0
2024-08-23,21.24,184759000.0
2024-08-24,35.73,310851000.0
2024-08-25,23.07,200680000.0
2024-08-26,12.14,105589000.0
2024-08-27,9.27,80620000.0
2024-08-28,6.32,55013000.0
2024-08-29,3.3,28710000.0
2024-08-30,2.61,22678000.0
2024-08-31,4.05,35264000.0
2024-09-01,16.59,144362000.0
2024-09-02,40.87,355598000.0
2024-09-03,15.42,134154000.0
2024-09-04,6.32,54984000.0
2024-09-05,18.47,160689000.0
2024-09-06,11.67,101529000.0
2024-09-07,8.46,73602000.0
2024-09-08,2.88,25027000.0
2024-09-09,6.13,53360000.0
2024-09-10,6.26,54491000.0
2024-09-11,2.69,23432000.0
2024-09-12,3.5,30450000.0
2024-09-13,1.99,17342000.0
2024-09-14,1.99,17284000.0
2024-09-15,3.01,26216000.0
2024-09-16,1.91,16617000.0
2024-09-17,0.67,5829000.0
2024-09-18,0.37,3190000.0
2024-09-19,1.45,12644000.0
2024-09-20,3.14,27289000.0
2024-09-21,3.38,29406000.0
2024-09-22,7.64,66439000.0
2024-09-23,16.39,142593000.0
2024-09-24,15.35,133545000.0
2024-09-25,25.48,221705000.0
2024-09-26,15.74,136909000.0
2024-09-27,12.64,109939000.0
2024-09-28,7.58,65917000.0
2024-09-29,2.07,18009000.0
2024-09-30,0.67,5858000.0
2024-10-01,0.55,4785000.0
2024-10-02,4.37,37990000.0
2024-10-03,0.93,8120000.0
2024-10-04,0.99,8584000.0
2024-10-05,0.64,5568000.0
2024-10-06,0.92,8033000.0
2024-10-07,0.07,638000.0
2024-10-08,0.5,4379000.0
2024-10-09,8.98,78097000.0
2024-10-10,5.07,44109000.0
2024-10-11,13.55,117856000.0
2024-10-12,10.01,87058000.0
2024-10-13,10.27,89378000.0
2024-10-14,5.22,45385000.0
2024-10-15,3.18,27637000.0
2024-10-16,3.41,29696000.0
2024-10-17,3.08,26796000.0
2024-10-18,9.21,80098000.0
2024-10-19,13.36,116232000.0
2024-10-20,8.22,71485000.0
2024-10-21,9.96,86652000.0
2024-10-22,2.64,22939000.0
2024-10-23,0.67,5800000.0
2024-10-24,0.03,232000.0
2024-10-25,0.0,0.0
2024-10-26,0.0,0.0
2024-10-27,0.0,0.0
2024-10-28,0.0,0.0
2024-10-29,0.02,203000.0
2024-10-30,0.21,1827000.0
2024-10-31,0.51,4408000.0
2024-11-01,0.28,2436000.0
2024-11-02,0.0,0.0
2024-11-03,0.0,0.0
2024-11-04,0.0,0.0
2024-11-05,0.0,0.0
2024-11-06,0.0,0.0
2024-11-07,0.0,0.0
2024-11-08,0.0,0.0
2024-11-09,0.0,0.0
2024-11-10,0.0,0.0
2024-11-11,0.0,0.0
2024-11-12,0.0,0.0
2024-11-13,0.0,0.0
2024-11-14,0.0,0.0
2024-11-15,0.22,1885000.0
2024-11-16,0.08,725000.0
2024-11-17,0.0,0.0
2024-11-18,0.0,0.0
2024-11-19,0.0,0.0
2024-11-20,0.0,0.0
2024-11-21,0.0,0.0
2024-11-22,0.0,0.0
2024-11-23,0.0,0.0
2024-11-24,0.0,0.0
2024-11-25,0.0,0.0
2024-11-26,0.0,0.0
2024-11-27,0.0,0.0
2024-11-28,0.0,0.0
2024-11-29,0.0,0.0
2024-11-30,0.0,0.0
2024-12-01,0.0,0.0
2024-12-02,0.25,2146000.0
2024-12-03,1.21,10498000.0
2024-12-04,0.83,7221000.0
2024-12-05,0.93,8062000.0
2024-12-06,1.33,11571000.0
2024-12-07,0.17,1450000.0
2024-12-08,0.05,464000.0
2024-12-09,0.0,0.0
2024-12-10,0.0,0.0
2024-12-11,0.0,0.0
2024-12-12,0.0,0.0
2024-12-13,0.0,0.0
2024-12-14,0.0,0.0
2024-12-15,0.0,0.0
2024-12-16,0.0,0.0
2024-12-17,0.0,0.0
2024-12-18,0.0,0.0
2024-12-19,0.0,0.0
2024-12-20,0.0,0.0
2024-12-21,0.01,58000.0
2024-12-22,0.08,667000.0
2024-12-23,0.46,3973000.0
2024-12-24,0.37,3219000.0
2024-12-25,0.04,377000.0
2024-12-26,0.32,2784000.0
2024-12-27,2.12,18415000.0
2024-12-28,2.39,20793000.0
2024-12-29,0.4,3451000.0
2024-12-30,0.01,116000.0
2024-12-31,0.0,0.0
2025-01-01,0.0,0.0
2025-01-02,0.0,0.0
2025-01-03,0.0,0.0
2025-01-04,0.0,0.0
2025-01-05,0.01,87000.0
2025-01-06,0.0,0.0
2025-01-07,0.0,0.0
2025-01-08,0.0,0.0
2025-01-09,0.0,0.0
2025-01-10,0.0,0.0
2025-01-11,0.01,58000.0
2025-01-12,0.09,783000.0
2025-01-13,0.03,290000.0
2025-01-14,0.0,0.0
2025-01-15,0.02,145000.0
2025-01-16,0.03,290000.0
2025-01-17,0.0,0.0
2025-01-18,0.0,0.0
2025-01-19,0.0,0.0
2025-01-20,0.0,0.0
2025-01-21,0.0,0.0
2025-01-22,0.0,0.0
2025-01-23,0.0,0.0
2025-01-24,0.0,0.0
2025-01-25,0.0,0.0
2025-01-26,0.0,0.0
2025-01-27,0.0,0.0
2025-01-28,0.0,0.0
2025-01-29,0.0,0.0
2025-01-30,0.0,0.0
2025-01-31,0.0,0.0
2025-02-01,0.0,0.0
2025-02-02,0.0,0.0
2025-02-03,0.0,0.0
2025-02-04,0.0,0.0
2025-02-05,0.0,0.0
2025-02-06,0.0,0.0
2025-02-07,0.0,0.0
2025-02-08,0.0,0.0
2025-02-09,0.0,0.0
2025-02-10,0.0,0.0
2025-02-11,0.0,0.0
2025-02-12,0.0,0.0
2025-02-13,0.0,0.0
2025-02-14,0.0,0.0
2025-02-15,0.0,0.0
2025-02-16,0.0,0.0
2025-02-17,0.0,0.0
2025-02-18,0.0,0.0
2025-02-19,0.0,0.0
2025-02-20,0.0,0.0
2025-02-21,0.0,0.0
2025-02-22,0.0,0.0
2025-02-23,0.0,0.0
2025-02-24,0.0,0.0
2025-02-25,0.0,0.0
2025-02-26,0.0,0.0
2025-02-27,0.0,0.0
2025-02-28,0.0,0.0
2025-03-01,0.0,0.0
2025-03-02,0.0,0.0
2025-03-03,0.0,0.0
2025-03-04,0.0,0.0
2025-03-05,0.0,0.0
2025-03-06,0.0,0.0
2025-03-07,0.0,0.0
2025-03-08,0.0,0.0
2025-03-09,0.0,0.0
2025-03-10,0.0,0.0
2025-03-11,0.0,0.0
2025-03-12,0.0,0.0
2025-03-13,0.0,0.0
2025-03-14,0.0,0.0
2025-03-15,0.0,0.0
2025-03-16,0.0,0.0
2025-03-17,0.0,0.0
2025-03-18,0.0,0.0
2025-03-19,0.0,0.0
2025-03-20,0.01,58000.0
2025-03-21,0.0,0.0
2025-03-22,0.0,0.0
2025-03-23,0.0,0.0
2025-03-24,0.0,0.0
2025-03-25,0.0,0.0
2025-03-26,0.0,29000.0
2025-03-27,0.0,0.0
2025-03-28,0.0,0.0
2025-03-29,0.0,0.0
2025-03-30,0.0,0.0
2025-03-31,0.01,58000.0
2025-04-01,0.72,6293000.0
2025-04-02,0.94,8207000.0
2025-04-03,1.61,14036000.0
2025-04-04,0.06,522000.0
2025-04-05,0.0,0.0
2025-04-06,0.0,0.0
2025-04-07,0.0,0.0
2025-04-08,0.0,0.0
2025-04-09,0.0,0.0
2025-04-10,0.03,261000.0
2025-04-11,0.01,87000.0
2025-04-12,0.02,174000.0
2025-04-13,0.0,0.0
2025-04-14,0.0,0.0
2025-04-15,0.0,0.0
2025-04-16,0.0,0.0
2025-04-17,0.0,0.0
2025-04-18,0.0,0.0
2025-04-19,0.0,0.0
2025-04-20,0.0,0.0
2025-04-21,0.0,0.0
2025-04-22,0.0,0.0
2025-04-23,0.0,0.0
2025-04-24,0.0,0.0
2025-04-25,0.0,0.0
2025-04-26,0.09,812000.0
2025-04-27,0.0,29000.0
2025-04-28,0.0,0.0
2025-04-29,0.0,0.0
2025-04-30,0.0,0.0
2025-05-01,0.0,0.0
2025-05-02,0.0,0.0
2025-05-03,0.0,0.0
2025-05-04,0.01,87000.0
2025-05-05,0.58,5075000.0
2025-05-06,0.65,5655000.0
2025-05-07,0.41,3596000.0
2025-05-08,1.54,13398000.0
2025-05-09,1.16,10092000.0
2025-05-10,0.24,2117000.0
2025-05-11,2.41,20967000.0
2025-05-12,3.53,30740000.0
2025-05-13,4.43,38541000.0
2025-05-14,2.89,25114000.0
2025-05-15,3.19,27724000.0
2025-05-16,6.92,60204000.0
2025-05-17,3.06,26622000.0
2025-05-18,6.16,53563000.0
2025-05-19,7.85,68266000.0
2025-05-20,13.88,120785000.0
2025-05-21,8.07,70180000.0
2025-05-22,12.34,107387000.0
2025-05-23,11.59,100833000.0
2025-05-24,16.18,140766000.0
2025-05-25,26.75,232696000.0
2025-05-26,29.54,256998000.0
2025-05-27,11.25,97846000.0
2025-05-28,10.02,87203000.0
2025-05-29,1.68,14645000.0
2025-05-30,0.9,7801000.0
2025-05-31,0.99,8584000.0
2025-06-01,1.75,15196000.0
2025-06-02,1.07,9309000.0
2025-06-03,1.28,11107000.0
2025-06-04,2.98,25897000.0
2025-06-05,3.28,28565000.0
2025-06-06,1.05,9106000.0
2025-06-07,3.6,31320000.0
2025-06-08,0.94,8178000.0
2025-06-09,1.69,14703000.0
2025-06-10,0.83,7192000.0
2025-06-11,3.36,29261000.0
2025-06-12,8.37,72819000.0
2025-06-13,10.26,89291000.0
2025-06-14,17.89,155672000.0
2025-06-15,4.94,43007000.0
2025-06-16,21.41,186296000.0
2025-06-17,4.19,36424000.0
2025-06-18,16.26,141433000.0
2025-06-19,22.44,195199000.0
2025-06-20,3.4,29551000.0
2025-06-21,3.91,34046000.0
2025-06-22,3.92,34075000.0
2025-06-23,9.36,81403000.0
2025-06-24,10.69,93032000.0
2025-06-25,12.64,109939000.0
2025-06-26,17.06,148451000.0
2025-06-27,5.7,49590000.0
2025-06-28,5.24,45588000.0
2025-06-29,6.77,58899000.0
2025-06-30,9.13,79460000.0
2025-07-01,10.68,92945000.0
2025-07-02,12.79,111273000.0
2025-07-03,6.78,58986000.0
2025-07-04,6.65,57855000.0
2025-07-05,14.78,128615000.0
2025-07-06,13.32,115913000.0
2025-07-07,14.13,122931000.0
2025-07-08,8.07,70238000.0
2025-07-09,7.51,65308000.0
2025-07-10,1.39,12093000.0
2025-07-11,3.77,32770000.0
2025-07-12,2.35,20416000.0
2025-07-13,3.9,33930000.0
2025-07-14,14.25,124004000.0
2025-07-15,12.15,105676000.0
2025-07-16,2.17,18879000.0
2025-07-17,4.19,36453000.0
2025-07-18,2.41,20967000.0
2025-07-19,2.21,19198000.0
2025-07-20,3.35,29116000.0
2025-07-21,12.05,104835000.0
2025-07-22,12.15,105734000.0
2025-07-23,11.21,97527000.0
2025-07-24,8.87,77169000.0
2025-07-25,29.8,259289000.0
2025-07-26,31.75,276254000.0
2025-07-27,15.79,137344000.0
2025-07-28,6.7,58261000.0
2025-07-29,9.81,85376000.0
2025-07-30,4.56,39672000.0
2025-07-31,3.53,30682000.0
2025-08-01,2.67,23258000.0
2025-08-02,2.97,25839000.0
2025-08-03,1.69,14703000.0
2025-08-04,1.35,11716000.0
2025-08-05,2.41,20996000.0
2025-08-06,4.26,37033000.0
2025-08-07,7.11,61828000.0
2025-08-08,5.58,48517000.0
2025-08-09,6.32,54955000.0
2025-08-10,4.45,38744000.0
2025-08-11,5.69,49532000.0
2025-08-12,5.9,51330000.0
2025-08-13,6.21,53998000.0
2025-08-14,15.0,130500000.0
2025-08-15,16.38,142477000.0
2025-08-16,17.6,153149000.0
2025-08-17,18.56,161472000.0
2025-08-18,31.76,276312000.0
2025-08-19,29.12,253344000.0
2025-08-20,20.53,178582000.0
2025-08-21,8.29,72152000.0
2025-08-22,5.16,44863000.0
2025-08-23,6.3,54810000.0
2025-08-24,4.75,41325000.0
2025-08-25,9.72,84535000.0
2025-08-26,16.72,145493000.0
2025-08-27,13.8,120089000.0
2025-08-28,17.37,151119000.0
2025-08-29,19.23,167301000.0
2025-08-30,5.78,50257000.0
2025-08-31,9.16,79721000.0
2025-09-01,13.86,120611000.0
2025-09-02,4.15,36076000.0
2025-09-03,4.7,40919000.0
2025-09-04,7.54,65627000.0
2025-09-05,11.2,97469000.0
2025-09-06,10.94,95149000.0
2025-09-07,5.92,51475000.0
2025-09-08,1.88,16356000.0
2025-09-09,0.71,6177000.0
2025-09-10,1.58,13746000.0
2025-09-11,1.54,13427000.0
2025-09-12,4.5,39150000.0
2025-09-13,18.69,162574000.0
2025-09-14,25.28,219965000.0
2025-09-15,26.21,228027000.0
2025-09-16,14.94,129978000.0
2025-09-17,12.28,106865000.0
2025-09-18,18.35,159616000.0
2025-09-19,16.73,145522000.0
2025-09-20,7.64,66497000.0
2025-09-21,10.41,90596000.0
2025-09-22,19.95,173594000.0
2025-09-23,12.03,104632000.0
2025-09-24,1.28,11107000.0
2025-09-25,0.83,7250000.0
2025-09-26,12.95,112694000.0
2025-09-27,34.36,298961000.0
2025-09-28,43.07,374680000.0
2025-09-29,3.94,34278000.0
2025-09-30,3.06,26622000.0
2025-10-01,1.33,11542000.0
2025-10-02,0.87,7569000.0
2025-10-03,1.97,17110000.0
2025-10-04,3.42,29783000.0
2025-10-05,4.45,38715000.0
2025-10-06,1.61,14007000.0
2025-10-07,1.54,13398000.0
2025-10-08,0.53,4640000.0
2025-10-09,0.05,435000.0
2025-10-10,0.0,29000.0
2025-10-11,0.03,232000.0
2025-10-12,0.0,0.0
2025-10-13,0.0,0.0
2025-10-14,0.05,406000.0
2025-10-15,1.86,16211000.0
2025-10-16,1.39,12093000.0
2025-10-17,0.05,435000.0
2025-10-18,0.18,1566000.0
2025-10-19,0.28,2407000.0
2025-10-20,0.1,870000.0
2025-10-21,2.94,25549000.0
2025-10-22,2.98,25926000.0
2025-10-23,1.85,16066000.0
2025-10-24,9.16,79692000.0
2025-10-25,12.7,110519000.0
2025-10-26,12.78,111215000.0
2025-10-27,11.09,96483000.0
2025-10-28,5.18,45066000.0
2025-10-29,9.95,86594000.0
2025-10-30,4.94,42978000.0
2025-10-31,1.89,16443000.0
2025-11-01,4.56,39643000.0
2025-11-02,2.69,23374000.0
2025-11-03,1.32,11455000.0
2025-11-04,0.56,4901000.0
2025-11-05,0.26,2291000.0
2025-11-06,0.09,783000.0
2025-11-07,0.0,0.0
2025-11-08,0.0,0.0
2025-11-09,0.0,0.0
2025-11-10,0.0,0.0
2025-11-11,0.0,0.0
2025-11-12,0.0,0.0
2025-11-13,0.0,0.0
2025-11-14,0.0,0.0
2025-11-15,0.0,0.0
2025-11-16,0.0,0.0
2025-11-17,0.0,0.0
2025-11-18,0.0,0.0
2025-11-19,0.0,0.0
2025-11-20,0.0,0.0
2025-11-21,0.0,0.0
2025-11-22,0.0,0.0
2025-11-23,0.02,174000.0
2025-11-24,0.0,0.0
2025-11-25,0.0,0.0
2025-11-26,0.0,29000.0
2025-11-27,0.0,0.0
2025-11-28,0.0,0.0
2025-11-29,0.0,0.0
2025-11-30,0.0,0.0
2025-12-01,0.0,0.0
2025-12-02,0.0,0.0
2025-12-03,0.0,0.0
2025-12-04,0.0,0.0
2025-12-05,0.0,0.0
2025-12-06,0.0,0.0
2025-12-07,0.0,0.0
2025-12-08,0.0,0.0
2025-12-09,0.0,0.0
2025-12-10,0.0,0.0
2025-12-11,0.0,0.0
2025-12-12,0.0,0.0
2025-12-13,0.0,0.0
2025-12-14,0.0,0.0
2025-12-15,0.0,0.0
2025-12-16,0.0,0.0
2025-12-17,0.0,0.0
2025-12-18,0.0,0.0
2025-12-19,0.0,0.0
2025-12-20,0.0,0.0
2025-12-21,0.0,0.0
2025-12-22,0.0,0.0
2025-12-23,0.0,0.0
2025-12-24,0.0,0.0
2025-12-25,0.0,0.0
2025-12-26,0.0,0.0
2025-12-27,0.0,0.0
2025-12-28,0.0,0.0
2025-12-29,0.0,0.0
2025-12-30,0.0,0.0
2025-12-31,0.0,0.0
